{"type":"FeatureCollection","features":[{"type":"Feature","properties":{"kind":"marz","id":6},"geometry":{"type":"LineString","coordinates":[[44.1824,41.2344],[44.1823,41.2292],[44.1815,41.2241],[44.1805,41.2224],[44.1784,41.2216],[44.177,41.2195],[44.1755,41.2158],[44.1724,41.2042],[44.17,41.1994],[44.1686,41.1974],[44.1651,41.1946],[44.156,41.1915],[44.1541,41.1904],[44.1532,41.1888],[44.1525,41.1883],[44.1459,41.1873],[44.1328,41.1869],[44.1175,41.1871],[44.1087,41.1879],[44.1065,41.1888],[44.1057,41.1902],[44.1038,41.1909],[44.0948,41.1914],[44.0917,41.1921],[44.0907,41.1926],[44.0893,41.1942],[44.0888,41.1972],[44.0872,41.1992],[44.0852,41.1999],[44.0812,41.2],[44.0784,41.1994],[44.0775,41.1986],[44.0773,41.1976],[44.0767,41.197],[44.0735,41.1959],[44.0678,41.1948],[44.0428,41.1915],[44.0384,41.1904],[44.0365,41.1893],[44.0361,41.1883],[44.0328,41.1873],[44.0208,41.1868],[44.0153,41.1862],[44.0135,41.1854],[44.0123,41.1835],[44.0104,41.1829],[44.0013,41.1824],[43.9972,41.1818],[43.9959,41.181],[43.9953,41.1795],[43.9939,41.1784],[43.9915,41.1773],[43.9857,41.1756],[43.9838,41.1745],[43.9822,41.1729],[43.9808,41.1707],[43.9797,41.1679],[43.9783,41.1608],[43.9778,41.1434],[43.9772,41.1378],[43.9761,41.1347],[43.9755,41.1341],[43.9748,41.1341],[43.9733,41.1319],[43.9719,41.1266],[43.9704,41.1182],[43.968,41.0971],[43.9678,41.0903],[43.9684,41.0865],[43.9689,41.0857],[43.9704,41.0856],[43.9719,41.0849],[43.9767,41.0797],[43.9804,41.0775],[43.9895,41.0742],[44.0076,41.0691],[44.0126,41.0668],[44.0142,41.064],[44.021,41.0604],[44.0235,41.0579],[44.0265,41.0522],[44.0303,41.0407],[44.0324,41.0376],[44.0349,41.037],[44.0396,41.0339],[44.0524,41.0224],[44.0578,41.0183],[44.0652,41.0142],[44.0732,41.0113],[44.0757,41.0092],[44.0765,41.008],[44.0773,41.0051],[44.0771,41.0018],[44.0757,40.9989],[44.0716,40.995],[44.0675,40.9927],[44.0639,40.9901],[44.0625,40.9886],[44.0606,40.9851],[44.0598,40.9811],[44.0599,40.977],[44.0604,40.974],[44.0617,40.9715],[44.0647,40.9708],[44.0654,40.9702],[44.0659,40.9682],[44.0673,40.9675],[44.0698,40.967],[44.0804,40.9664],[44.0823,40.9658],[44.0832,40.9643],[44.0839,40.9638],[44.0875,40.9631],[44.0985,40.9625],[44.1189,40.9622],[44.1277,40.9614],[44.1299,40.9605],[44.13,40.9594],[44.1308,40.9584],[44.1348,40.9576],[44.1357,40.956],[44.1355,40.9549],[44.1339,40.9533],[44.1279,40.9505],[44.1259,40.949],[44.1242,40.9463],[44.1235,40.9417],[44.1227,40.9407],[44.1208,40.9403],[44.1196,40.9395],[44.1185,40.9362],[44.1179,40.9268],[44.1168,40.9235],[44.1156,40.9227],[44.1133,40.9223],[44.1125,40.9212],[44.1122,40.9197],[44.1113,40.9186],[44.1085,40.9169],[44.1045,40.9152],[44.1018,40.9129],[44.1009,40.911],[44.1001,40.9064],[44.0988,40.9052],[44.0968,40.9048],[44.0954,40.9023],[44.0948,40.8932],[44.0939,40.889],[44.0929,40.8877],[44.0904,40.8872],[44.0896,40.8867],[44.089,40.8849],[44.0882,40.884],[44.0849,40.8832],[44.0742,40.8826],[44.0723,40.8819],[44.0709,40.8801],[44.0698,40.88],[44.0633,40.8808],[44.0518,40.8835],[44.0444,40.8847],[44.0388,40.8845],[44.0367,40.8839],[44.0351,40.8829],[44.0339,40.8816],[44.031,40.8762],[44.0295,40.8748],[44.0266,40.8737],[44.0251,40.8712],[44.0237,40.8669],[44.0208,40.8534],[44.0186,40.8461],[44.0171,40.8437],[44.0142,40.8426],[44.012,40.8401],[44.0093,40.8343],[44.0087,40.832],[44.0089,40.8306],[44.0098,40.83],[44.0117,40.8296],[44.0126,40.8286],[44.0132,40.824],[44.014,40.822],[44.015,40.8213],[44.017,40.821],[44.0184,40.8198],[44.019,40.8152],[44.0199,40.8131],[44.0209,40.8124],[44.0229,40.8121],[44.0239,40.8111],[44.0245,40.8092],[44.0249,40.8034],[44.0257,40.8003],[44.0267,40.7992],[44.0288,40.7987],[44.0303,40.797],[44.0317,40.7939],[44.0339,40.7866],[44.0354,40.7841],[44.0376,40.7819],[44.0405,40.78],[44.0441,40.7783],[44.0485,40.7769],[44.0536,40.7758],[44.0719,40.7735],[44.0772,40.7723],[44.0819,40.7707],[44.0859,40.7688],[44.0893,40.7665],[44.092,40.7639],[44.0941,40.7609],[44.097,40.7547],[44.1,40.7501],[44.1014,40.7485],[44.1043,40.7464],[44.1105,40.7456],[44.1118,40.7449],[44.1124,40.7435],[44.1136,40.7431],[44.1195,40.7427],[44.1373,40.7431],[44.1705,40.7447],[44.1812,40.7449],[44.1871,40.7445],[44.1883,40.744],[44.1885,40.7429],[44.1901,40.7413],[44.1961,40.7384],[44.1981,40.737],[44.1998,40.7343],[44.2002,40.7311],[44.2027,40.7284],[44.2057,40.727],[44.2147,40.7241],[44.2166,40.723],[44.2181,40.7209],[44.2213,40.7201],[44.227,40.7196],[44.2405,40.7194],[44.2452,40.7198],[44.2536,40.7215],[44.2572,40.7229],[44.2605,40.7246],[44.2634,40.7267],[44.2682,40.7319],[44.2712,40.7342],[44.275,40.7362],[44.2797,40.7377],[44.2852,40.7388],[44.2915,40.7395],[44.3065,40.7396],[44.323,40.7384],[44.3403,40.7362],[44.3467,40.7343],[44.3485,40.7333],[44.3509,40.7304],[44.353,40.7291],[44.3555,40.7284],[44.3597,40.7281],[44.3633,40.7269],[44.3652,40.7254],[44.3675,40.7223],[44.3706,40.7203],[44.373,40.7196],[44.3771,40.7194],[44.3799,40.7187],[44.3808,40.718],[44.3812,40.7163],[44.3826,40.7149],[44.3929,40.7086],[44.3968,40.7046],[44.4004,40.6993],[44.4065,40.6853],[44.4094,40.68],[44.4123,40.6766],[44.4153,40.6752],[44.4182,40.6754],[44.4211,40.6764],[44.424,40.6783],[44.4303,40.6842],[44.4327,40.6855],[44.4388,40.6879],[44.4467,40.6897],[44.4648,40.692],[44.4706,40.6931],[44.4737,40.6943],[44.4749,40.6963],[44.4762,40.6969],[44.4822,40.6974],[44.485,40.698],[44.4859,40.6987],[44.4865,40.7003],[44.4888,40.701],[44.4956,40.7017],[44.5057,40.7017],[44.5107,40.7013],[44.5139,40.7007],[44.5153,40.6998],[44.5158,40.6983],[44.5171,40.6977],[44.5232,40.6972],[44.5257,40.6965],[44.5278,40.6952],[44.5322,40.6905],[44.535,40.6893],[44.5404,40.6884],[44.5445,40.6885],[44.5487,40.6891],[44.55,40.6899],[44.5505,40.6914],[44.5514,40.6922],[44.553,40.6927],[44.5601,40.6933],[44.5618,40.6943],[44.5623,40.6958],[44.5642,40.6966],[44.5722,40.6973],[44.5777,40.6972],[44.5831,40.6966],[44.585,40.6958],[44.5855,40.6943],[44.5872,40.6933],[44.5933,40.6927],[44.5968,40.6915],[44.5987,40.69],[44.6011,40.6869],[44.6041,40.6848],[44.6066,40.6842],[44.6127,40.6836],[44.614,40.683],[44.6147,40.681],[44.6156,40.6803],[44.6173,40.6798],[44.6244,40.6792],[44.6257,40.6785],[44.6264,40.6766],[44.6273,40.6758],[44.6289,40.6754],[44.6361,40.6747],[44.6373,40.6741],[44.6381,40.6722],[44.639,40.6714],[44.6406,40.6709],[44.6477,40.6703],[44.649,40.6697],[44.6498,40.6678],[44.6512,40.667],[44.6537,40.6665],[44.6613,40.6662],[44.6654,40.6656],[44.6668,40.6648],[44.6676,40.6629],[44.6698,40.6621],[44.6736,40.6619],[44.6769,40.6623],[44.6782,40.6629],[44.6788,40.6644],[44.6823,40.6651],[44.6965,40.6651],[44.7369,40.6633],[44.7475,40.6637],[44.7511,40.6642],[44.7535,40.6648],[44.7547,40.6657],[44.7548,40.6678],[44.7556,40.6699],[44.7566,40.6706],[44.7579,40.6707],[44.7587,40.6716],[44.7609,40.679],[44.7623,40.6882],[44.7643,40.7064],[44.7649,40.7156],[44.7647,40.7214],[44.7638,40.7239],[44.7624,40.724],[44.761,40.7252],[44.7603,40.7299],[44.7594,40.7317],[44.7578,40.7333],[44.7527,40.7359],[44.7506,40.7377],[44.749,40.7414],[44.7487,40.746],[44.7479,40.7492],[44.7469,40.7502],[44.7449,40.7506],[44.7435,40.7525],[44.7424,40.7616],[44.7416,40.763],[44.7397,40.7637],[44.7385,40.7647],[44.7374,40.7688],[44.7371,40.7761],[44.7374,40.7786],[44.7388,40.7827],[44.7399,40.7844],[44.7429,40.7869],[44.753,40.7905],[44.7544,40.7916],[44.7549,40.7932],[44.7563,40.7939],[44.7588,40.7944],[44.7694,40.795],[44.7719,40.7961],[44.7726,40.7976],[44.7767,40.7986],[44.7918,40.7991],[44.7986,40.7997],[44.8009,40.8005],[44.8016,40.802],[44.8025,40.8028],[44.8041,40.8033],[44.8093,40.8037],[44.8129,40.8055],[44.8148,40.8078],[44.8171,40.8124],[44.8193,40.8155],[44.8207,40.8165],[44.8228,40.8169],[44.8238,40.8175],[44.8245,40.8188],[44.8253,40.8242],[44.8261,40.8251],[44.828,40.8256],[44.83,40.8282],[44.8344,40.839],[44.8404,40.8579],[44.8448,40.8697],[44.847,40.8744],[44.8514,40.8813],[44.8536,40.8835],[44.8557,40.8849],[44.8601,40.8862],[44.8667,40.8897],[44.8711,40.8931],[44.8796,40.9009],[44.8833,40.9034],[44.8867,40.9048],[44.891,40.9052],[44.8921,40.9057],[44.8937,40.9071],[44.8948,40.9108],[44.8945,40.9152],[44.8934,40.9177],[44.8903,40.9188],[44.8866,40.9212],[44.8649,40.939],[44.8561,40.9443],[44.8517,40.9463],[44.8474,40.9477],[44.843,40.9487],[44.8386,40.9492],[44.8271,40.9494],[44.8205,40.9502],[44.8194,40.9506],[44.8184,40.9522],[44.8175,40.9527],[44.8143,40.9538],[44.7965,40.9571],[44.7924,40.9582],[44.7901,40.9594],[44.7893,40.9611],[44.786,40.964],[44.774,40.9714],[44.77,40.9744],[44.7667,40.9783],[44.7662,40.9816],[44.7645,40.9843],[44.7625,40.9857],[44.7585,40.9876],[44.7565,40.9894],[44.7548,40.9931],[44.7547,40.9963],[44.7552,41.0],[44.7566,41.0018],[44.7587,41.0022],[44.7609,41.0034],[44.7646,41.008],[44.7665,41.0095],[44.7688,41.0105],[44.7745,41.0112],[44.7778,41.0129],[44.7816,41.016],[44.7879,41.0233],[44.7925,41.0277],[44.7975,41.0308],[44.8029,41.0326],[44.8087,41.0329],[44.8114,41.0327],[44.8163,41.0317],[44.8185,41.0308],[44.8224,41.0286],[44.8255,41.0255],[44.8289,41.0228],[44.8309,41.0217],[44.8355,41.0203],[44.8437,41.0197],[44.8487,41.0201],[44.8526,41.0211],[44.8555,41.0226],[44.858,41.0256],[44.861,41.0277],[44.8635,41.0284],[44.8678,41.0287],[44.8722,41.0306],[44.8751,41.0328],[44.8795,41.0374],[44.8838,41.0405],[44.8868,41.0415],[44.8923,41.0421],[44.8946,41.0431],[44.8965,41.0446],[44.8989,41.0476],[44.9019,41.0497],[44.9044,41.0504],[44.9096,41.0507],[44.9118,41.0515],[44.9125,41.0535],[44.9134,41.0546],[44.9151,41.0557],[44.9189,41.0574],[44.9213,41.0597],[44.9229,41.0637],[44.9238,41.0694],[44.9237,41.0829],[44.9231,41.0872],[44.9221,41.0896],[44.9214,41.0901],[44.92,41.0903],[44.9185,41.091],[44.9136,41.0961],[44.9094,41.098],[44.899,41.1002],[44.881,41.1027],[44.8778,41.1035],[44.8734,41.1052],[44.8714,41.1072],[44.8709,41.1108],[44.8701,41.1117],[44.8682,41.1121],[44.8675,41.1127],[44.8665,41.1158],[44.8657,41.1251],[44.8657,41.1387],[44.8661,41.1455],[44.8675,41.1511],[44.8682,41.1517],[44.8689,41.1517],[44.8712,41.1527],[44.8745,41.1551],[44.8873,41.1665],[44.8944,41.1716],[44.8983,41.1733],[44.9037,41.1739],[44.9059,41.1747],[44.9067,41.1767],[44.9076,41.1778],[44.9154,41.1819],[44.9171,41.1834],[44.918,41.1853],[44.918,41.1885],[44.9171,41.1903],[44.9154,41.1919],[44.9103,41.1944],[44.9083,41.1958],[44.907,41.1975],[44.9063,41.2016],[44.9054,41.2031],[44.9026,41.2043],[44.8986,41.2045],[44.8959,41.2051],[44.895,41.2059],[44.8942,41.2082],[44.8929,41.2088],[44.8909,41.2088],[44.8899,41.2084],[44.8892,41.2078],[44.8886,41.2059],[44.8853,41.2049],[44.8787,41.2044],[44.8693,41.2049],[44.866,41.2059],[44.8653,41.2074],[44.864,41.2082],[44.8599,41.2088],[44.8538,41.209],[44.8508,41.2097],[44.8497,41.2102],[44.8484,41.2117],[44.8481,41.2138],[44.8475,41.2147],[44.8448,41.2158],[44.8366,41.216],[44.8244,41.2149],[44.8207,41.2149],[44.8145,41.2157],[44.8098,41.2176],[44.8026,41.2244],[44.8006,41.2258],[44.7981,41.2264],[44.7961,41.2257],[44.7955,41.2239],[44.7948,41.2235],[44.7912,41.2227],[44.7802,41.2221],[44.7598,41.2218],[44.751,41.221],[44.7488,41.2201],[44.7485,41.2189],[44.7466,41.2171],[44.7386,41.2119],[44.7331,41.2091],[44.7309,41.2086],[44.7291,41.2086],[44.7277,41.2091],[44.7266,41.2102],[44.7258,41.2119],[44.7252,41.2191],[44.7246,41.2211],[44.7238,41.2226],[44.7227,41.2237],[44.7214,41.2244],[44.7178,41.2245],[44.7121,41.2228],[44.7088,41.2212],[44.7071,41.2187],[44.7052,41.218],[44.7022,41.2177],[44.6962,41.2177],[44.6932,41.218],[44.6913,41.2187],[44.6904,41.2195],[44.6899,41.2213],[44.6891,41.2218],[44.6871,41.222],[44.686,41.2228],[44.6849,41.2261],[44.6842,41.2338],[44.6824,41.2368],[44.6791,41.2388],[44.6744,41.2396],[44.6667,41.2394],[44.6623,41.2386],[44.6605,41.2367],[44.6569,41.2363],[44.6503,41.2364],[44.635,41.2377],[44.6296,41.2375],[44.6246,41.2365],[44.6202,41.2348],[44.6162,41.2323],[44.6126,41.2291],[44.6095,41.2251],[44.6069,41.2204],[44.6026,41.2101],[44.5986,41.2025],[44.5951,41.1977],[44.5934,41.1963],[44.5919,41.1957],[44.5892,41.1959],[44.5881,41.1963],[44.5864,41.1977],[44.5855,41.2],[44.5853,41.2031],[44.584,41.2055],[44.5826,41.2064],[44.5785,41.2072],[44.5757,41.2072],[44.5689,41.2064],[44.5607,41.2043],[44.5589,41.2035],[44.5566,41.2016],[44.5553,41.1977],[44.5545,41.197],[44.552,41.1961],[44.5463,41.1957],[44.5444,41.1959],[44.5414,41.1969],[44.5403,41.1977],[44.5389,41.2],[44.5387,41.2045],[44.5392,41.2068],[44.54,41.2082],[44.5412,41.2088],[44.5424,41.209],[44.543,41.2102],[44.5406,41.2147],[44.5401,41.2168],[44.5406,41.2175],[44.5425,41.2178],[44.5435,41.2185],[44.5442,41.2197],[44.5445,41.2226],[44.5439,41.2244],[44.5426,41.2256],[44.5406,41.2263],[44.5366,41.2263],[44.5346,41.2256],[44.5333,41.2244],[44.5325,41.2204],[44.53,41.2171],[44.527,41.2149],[44.521,41.2115],[44.518,41.209],[44.5155,41.2047],[44.515,41.1988],[44.5143,41.1969],[44.5133,41.1959],[44.5108,41.1955],[44.51,41.195],[44.509,41.1926],[44.5067,41.1915],[44.5026,41.1904],[44.4898,41.1882],[44.483,41.1866],[44.4807,41.1855],[44.48,41.1839],[44.4786,41.1832],[44.4761,41.1827],[44.4704,41.1825],[44.4665,41.1829],[44.4634,41.1839],[44.4611,41.1854],[44.4584,41.1884],[44.4556,41.1899],[44.4493,41.1911],[44.4412,41.1913],[44.4357,41.192],[44.4339,41.1927],[44.4331,41.1943],[44.4313,41.1954],[44.4258,41.197],[44.4178,41.1988],[44.4138,41.2002],[44.4123,41.201],[44.4105,41.2029],[44.4099,41.2068],[44.4092,41.208],[44.4082,41.2087],[44.4061,41.209],[44.4047,41.2097],[44.4025,41.2117],[44.4002,41.2147],[44.3983,41.2163],[44.3947,41.2175],[44.3886,41.218],[44.3873,41.2187],[44.3866,41.2206],[44.3857,41.2213],[44.3841,41.2218],[44.3769,41.2224],[44.3757,41.223],[44.3749,41.225],[44.374,41.2257],[44.3724,41.2262],[44.3653,41.2268],[44.364,41.2274],[44.3634,41.2289],[44.3626,41.2296],[44.3607,41.2297],[44.3558,41.2289],[44.3536,41.2283],[44.35,41.2264],[44.3487,41.225],[44.3467,41.2215],[44.3456,41.2117],[44.3437,41.2079],[44.3405,41.2055],[44.3383,41.2048],[44.3328,41.2044],[44.328,41.2049],[44.3248,41.2058],[44.3229,41.2073],[44.3226,41.2094],[44.3209,41.2112],[44.3193,41.2119],[44.3144,41.2128],[44.3072,41.2132],[44.293,41.2128],[44.2881,41.2118],[44.287,41.2099],[44.2857,41.2093],[44.2824,41.2088],[44.2777,41.2093],[44.2764,41.2099],[44.2755,41.212],[44.2722,41.2149],[44.2602,41.2222],[44.2562,41.2252],[44.2536,41.2279],[44.2529,41.2291],[44.2525,41.2314],[44.2517,41.2323],[44.2476,41.2338],[44.2353,41.2351],[44.2123,41.2354],[44.2024,41.2362],[44.1999,41.2371],[44.1997,41.2382],[44.1972,41.2399],[44.1923,41.2415],[44.1882,41.2422],[44.1865,41.2419],[44.1852,41.2412],[44.1841,41.2401],[44.1827,41.2367],[44.1824,41.2344]]}},{"type":"Feature","properties":{"kind":"marz","id":9},"geometry":{"type":"LineString","coordinates":[[44.8189,41.2991],[44.8187,41.298],[44.8178,41.2969],[44.811,41.2932],[44.809,41.2901],[44.8074,41.2822],[44.8071,41.2716],[44.8063,41.2644],[44.8053,41.262],[44.8047,41.2615],[44.8034,41.2613],[44.8028,41.2603],[44.8039,41.2558],[44.8068,41.2504],[44.8083,41.249],[44.8111,41.2482],[44.8125,41.247],[44.8131,41.2425],[44.814,41.2404],[44.815,41.2397],[44.8171,41.2394],[44.8185,41.2388],[44.8233,41.2337],[44.8266,41.2322],[44.8342,41.2309],[44.8445,41.2306],[44.8476,41.2302],[44.853,41.2287],[44.8573,41.2265],[44.8622,41.222],[44.8665,41.2201],[44.8691,41.2195],[44.875,41.2193],[44.8852,41.2203],[44.888,41.2202],[44.8902,41.2197],[44.8921,41.2189],[44.8934,41.2177],[44.8943,41.2162],[44.8953,41.2086],[44.8966,41.2061],[44.8986,41.2047],[44.9026,41.2043],[44.9054,41.2031],[44.9063,41.2016],[44.907,41.1975],[44.9083,41.1958],[44.9103,41.1944],[44.9154,41.1919],[44.9176,41.1894],[44.9182,41.1874],[44.9181,41.1854],[44.9176,41.1839],[44.9168,41.1829],[44.9141,41.1823],[44.9127,41.1817],[44.9105,41.1796],[44.9082,41.1766],[44.9052,41.1745],[44.9027,41.1738],[44.8975,41.1735],[44.8953,41.1727],[44.8943,41.1705],[44.8921,41.1683],[44.8784,41.1594],[44.8752,41.1569],[44.8724,41.154],[44.8702,41.1507],[44.8683,41.1472],[44.8661,41.139],[44.8656,41.1344],[44.8659,41.1214],[44.8665,41.1158],[44.8675,41.1127],[44.8682,41.1121],[44.8695,41.112],[44.8705,41.1113],[44.8712,41.1101],[44.8718,41.1062],[44.8736,41.1047],[44.8791,41.1035],[44.8911,41.1029],[44.8937,41.1023],[44.8948,41.1014],[44.8951,41.1004],[44.8975,41.0993],[44.9066,41.0989],[44.9107,41.0982],[44.912,41.0975],[44.9125,41.0959],[44.9134,41.0948],[44.9202,41.0911],[44.9222,41.0879],[44.9234,41.0831],[44.924,41.0767],[44.9237,41.0665],[44.9231,41.0622],[44.9221,41.0598],[44.9214,41.0593],[44.9192,41.0589],[44.9178,41.0579],[44.914,41.0534],[44.9121,41.0519],[44.9099,41.0509],[44.9044,41.0504],[44.9019,41.0497],[44.8998,41.0484],[44.8965,41.0446],[44.8935,41.0425],[44.8911,41.0418],[44.887,41.0416],[44.8842,41.041],[44.8833,41.0403],[44.8826,41.038],[44.8812,41.0374],[44.8791,41.0372],[44.8776,41.0365],[44.8755,41.0344],[44.8732,41.0314],[44.8713,41.0299],[44.869,41.0289],[44.8635,41.0284],[44.861,41.0277],[44.858,41.0256],[44.8555,41.0226],[44.8526,41.0211],[44.8487,41.0201],[44.8437,41.0197],[44.8355,41.0203],[44.8331,41.0209],[44.8289,41.0228],[44.8271,41.024],[44.8224,41.0286],[44.8205,41.0298],[44.8163,41.0317],[44.814,41.0323],[44.8087,41.0329],[44.8058,41.0329],[44.8007,41.0323],[44.7986,41.0317],[44.7953,41.0298],[44.793,41.0271],[44.7911,41.0237],[44.7848,41.0182],[44.7783,41.0141],[44.7629,41.0056],[44.7579,41.0016],[44.7552,40.998],[44.7547,40.9946],[44.7558,40.9905],[44.7585,40.9876],[44.7625,40.9857],[44.7652,40.9835],[44.7662,40.9816],[44.7664,40.9785],[44.7672,40.9764],[44.7683,40.9757],[44.7705,40.9753],[44.7729,40.974],[44.782,40.9657],[44.787,40.9619],[44.7897,40.9603],[44.7957,40.9578],[44.799,40.9568],[44.812,40.9544],[44.8162,40.9533],[44.8184,40.9522],[44.8189,40.9511],[44.8205,40.9502],[44.8271,40.9494],[44.8457,40.9489],[44.8506,40.9485],[44.8534,40.9477],[44.8546,40.9458],[44.8578,40.943],[44.8814,40.9268],[44.8884,40.9212],[44.8929,40.9164],[44.8948,40.9125],[44.8946,40.9094],[44.893,40.9063],[44.891,40.9052],[44.8867,40.9048],[44.8833,40.9034],[44.8796,40.9009],[44.8711,40.8931],[44.8667,40.8897],[44.8623,40.8872],[44.8537,40.8839],[44.8503,40.8808],[44.8488,40.8786],[44.8464,40.8729],[44.8433,40.8593],[44.8419,40.855],[44.8404,40.8525],[44.8397,40.8521],[44.8383,40.8519],[44.837,40.85],[44.8359,40.8409],[44.835,40.8394],[44.8325,40.8386],[44.8311,40.8367],[44.8305,40.8299],[44.8297,40.8268],[44.8287,40.8258],[44.8266,40.8253],[44.8251,40.8239],[44.8236,40.8214],[44.8205,40.8136],[44.8194,40.8118],[44.8167,40.8088],[44.8132,40.8067],[44.8041,40.8037],[44.8016,40.8021],[44.8009,40.8005],[44.7986,40.7997],[44.7945,40.7992],[44.7767,40.7986],[44.7726,40.7976],[44.7719,40.7961],[44.7694,40.795],[44.7604,40.7945],[44.7563,40.7939],[44.7549,40.7932],[44.7544,40.7916],[44.753,40.7905],[44.7429,40.7869],[44.7412,40.7858],[44.7388,40.7827],[44.738,40.7808],[44.7371,40.7761],[44.7377,40.7671],[44.7385,40.7647],[44.7391,40.764],[44.7412,40.7633],[44.7433,40.7595],[44.7485,40.7413],[44.7506,40.7375],[44.7528,40.7369],[44.755,40.7351],[44.7587,40.7282],[44.7609,40.7251],[44.7623,40.7241],[44.7644,40.7235],[44.765,40.7228],[44.7661,40.7187],[44.7663,40.7114],[44.7658,40.7052],[44.7644,40.7021],[44.7624,40.7012],[44.761,40.6969],[44.7604,40.6809],[44.7596,40.6736],[44.7586,40.6712],[44.7579,40.6707],[44.756,40.6703],[44.7552,40.6693],[44.7548,40.6678],[44.7548,40.6648],[44.7565,40.6627],[44.7585,40.662],[44.7626,40.6617],[44.7651,40.661],[44.7672,40.6598],[44.7696,40.6569],[44.7712,40.6559],[44.7767,40.6544],[44.7912,40.6531],[44.805,40.653],[44.8214,40.6534],[44.8297,40.6545],[44.8306,40.6549],[44.8308,40.6561],[44.8322,40.6572],[44.8347,40.6583],[44.8453,40.6616],[44.8473,40.6627],[44.8487,40.6649],[44.8519,40.666],[44.8577,40.6671],[44.8711,40.6688],[44.8794,40.6695],[44.887,40.6695],[44.889,40.6688],[44.889,40.6682],[44.8901,40.6673],[44.8926,40.6667],[44.9047,40.6662],[44.9101,40.6656],[44.9119,40.6648],[44.9127,40.6633],[44.9134,40.6627],[44.916,40.6616],[44.928,40.6588],[44.9335,40.6572],[44.9353,40.6561],[44.9359,40.654],[44.9366,40.6534],[44.9398,40.6528],[44.9428,40.6509],[44.9495,40.6441],[44.9525,40.6418],[44.9568,40.6399],[44.9621,40.6395],[44.9638,40.639],[44.9647,40.6383],[44.9649,40.6372],[44.9668,40.6363],[44.9713,40.6357],[44.9827,40.6353],[44.9923,40.6354],[45.0019,40.636],[45.0051,40.6367],[45.0057,40.6372],[45.006,40.6383],[45.0074,40.639],[45.0098,40.6395],[45.0205,40.6401],[45.023,40.6412],[45.0234,40.6427],[45.0251,40.6437],[45.0311,40.6442],[45.0338,40.6448],[45.0348,40.6456],[45.0351,40.6472],[45.036,40.6483],[45.0429,40.6519],[45.0453,40.6544],[45.0474,40.658],[45.0514,40.67],[45.0528,40.6731],[45.0543,40.6748],[45.0564,40.6753],[45.0577,40.6765],[45.0584,40.6811],[45.0592,40.6832],[45.0602,40.6839],[45.0624,40.6842],[45.0643,40.6853],[45.0679,40.6884],[45.0722,40.6929],[45.0751,40.6952],[45.0795,40.6971],[45.0847,40.6975],[45.0864,40.698],[45.0873,40.6987],[45.0877,40.7003],[45.0893,40.7013],[45.0953,40.7018],[45.0981,40.7024],[45.099,40.7032],[45.0994,40.7047],[45.1008,40.7055],[45.1049,40.7061],[45.1126,40.7064],[45.1159,40.7072],[45.1178,40.7102],[45.1203,40.7122],[45.1324,40.7196],[45.1364,40.7226],[45.1389,40.7253],[45.14,40.7277],[45.1403,40.7298],[45.1417,40.7313],[45.1458,40.7326],[45.1518,40.7326],[45.1548,40.7323],[45.1567,40.7317],[45.1581,40.7293],[45.1594,40.7287],[45.1654,40.7282],[45.1681,40.7276],[45.169,40.7268],[45.1694,40.7253],[45.1711,40.7243],[45.1771,40.7238],[45.1798,40.7232],[45.1807,40.7224],[45.1815,40.7205],[45.1836,40.7196],[45.1899,40.7196],[45.192,40.7205],[45.1926,40.7219],[45.1932,40.7223],[45.199,40.7227],[45.2105,40.7219],[45.22,40.7207],[45.2296,40.7185],[45.2328,40.7166],[45.2335,40.7156],[45.234,40.7124],[45.2353,40.7107],[45.2373,40.7093],[45.2413,40.7075],[45.244,40.7052],[45.245,40.7033],[45.2452,40.7002],[45.2461,40.6981],[45.2471,40.6974],[45.2492,40.6971],[45.2512,40.6961],[45.2575,40.6898],[45.2613,40.6869],[45.2636,40.6857],[45.269,40.6836],[45.2754,40.6821],[45.285,40.6804],[45.2891,40.6793],[45.2914,40.6782],[45.2929,40.6754],[45.2957,40.6738],[45.2997,40.672],[45.3024,40.6698],[45.3033,40.6679],[45.3038,40.6639],[45.3049,40.6623],[45.3077,40.6616],[45.3101,40.6602],[45.3216,40.6499],[45.3269,40.6465],[45.3329,40.6439],[45.3397,40.6422],[45.3492,40.641],[45.3547,40.641],[45.3561,40.6417],[45.3563,40.6428],[45.3579,40.6444],[45.3639,40.6474],[45.365,40.6484],[45.3667,40.6509],[45.3676,40.6543],[45.3679,40.6605],[45.3687,40.6646],[45.3697,40.666],[45.3717,40.6664],[45.3727,40.6671],[45.3733,40.6684],[45.3741,40.6738],[45.375,40.6747],[45.3775,40.6756],[45.3785,40.6776],[45.3792,40.6814],[45.38,40.6955],[45.3805,40.6976],[45.3822,40.7005],[45.3845,40.7017],[45.3884,40.7015],[45.3906,40.7007],[45.3911,40.6992],[45.3919,40.6985],[45.3952,40.6985],[45.4029,40.7004],[45.4059,40.7019],[45.4078,40.7036],[45.4086,40.7056],[45.4081,40.7087],[45.4059,40.7112],[45.401,40.7138],[45.4002,40.7148],[45.3999,40.7174],[45.4021,40.7227],[45.405,40.7269],[45.4079,40.7299],[45.4123,40.7324],[45.4176,40.7329],[45.4192,40.7334],[45.4201,40.7342],[45.4206,40.7357],[45.422,40.7369],[45.4244,40.738],[45.4351,40.7413],[45.4376,40.7429],[45.4382,40.7445],[45.44,40.7453],[45.4455,40.7459],[45.4536,40.7461],[45.4581,40.7468],[45.4599,40.7474],[45.4627,40.7489],[45.4654,40.7518],[45.4665,40.7525],[45.4692,40.7533],[45.4727,40.7532],[45.4788,40.7519],[45.4829,40.7515],[45.4843,40.7519],[45.4847,40.7534],[45.4864,40.7544],[45.4935,40.7552],[45.4957,40.7569],[45.4965,40.7616],[45.4971,40.7628],[45.4981,40.7635],[45.5002,40.7638],[45.5017,40.7645],[45.5065,40.7696],[45.5103,40.7711],[45.5193,40.7724],[45.5375,40.7729],[45.5424,40.774],[45.5443,40.7767],[45.5475,40.7793],[45.5625,40.789],[45.5694,40.7943],[45.5717,40.7972],[45.5724,40.8014],[45.573,40.8026],[45.574,40.8033],[45.5761,40.8037],[45.5776,40.8047],[45.5798,40.8078],[45.5821,40.8124],[45.5851,40.8162],[45.5875,40.818],[45.5917,40.82],[45.5927,40.8209],[45.5949,40.8251],[45.5958,40.8347],[45.5964,40.8372],[45.5974,40.8385],[45.5994,40.8389],[45.6004,40.8396],[45.601,40.8409],[45.6019,40.8463],[45.6027,40.8472],[45.6046,40.8476],[45.6052,40.8483],[45.6057,40.8514],[45.6055,40.857],[45.6039,40.87],[45.6029,40.8744],[45.6,40.8816],[45.5982,40.8843],[45.5961,40.8866],[45.5937,40.8882],[45.5911,40.8893],[45.5855,40.8902],[45.5792,40.89],[45.5764,40.8888],[45.5729,40.885],[45.5708,40.8838],[45.567,40.883],[45.5643,40.8832],[45.5632,40.8838],[45.5615,40.8857],[45.5606,40.8888],[45.5604,40.8929],[45.5599,40.8949],[45.5588,40.8967],[45.5572,40.8983],[45.555,40.8997],[45.549,40.9018],[45.5336,40.9042],[45.5287,40.9053],[45.526,40.9064],[45.5249,40.9088],[45.524,40.9092],[45.5215,40.9097],[45.5205,40.9107],[45.5198,40.9126],[45.519,40.9196],[45.5185,40.9206],[45.5168,40.9221],[45.5157,40.9225],[45.5106,40.9229],[45.509,40.9234],[45.5081,40.9241],[45.5073,40.9261],[45.5052,40.9269],[45.5013,40.9271],[45.498,40.9267],[45.4964,40.9257],[45.4959,40.9242],[45.4946,40.9238],[45.4886,40.9246],[45.4864,40.9252],[45.4831,40.9267],[45.482,40.9277],[45.4809,40.93],[45.4809,40.9314],[45.4826,40.9374],[45.4822,40.9398],[45.4806,40.9416],[45.4767,40.9434],[45.4747,40.9449],[45.4734,40.9466],[45.4727,40.9507],[45.4718,40.9526],[45.4701,40.9542],[45.465,40.9567],[45.463,40.9581],[45.4617,40.9598],[45.4612,40.9629],[45.4605,40.9638],[45.4574,40.965],[45.4516,40.9653],[45.4382,40.9643],[45.4299,40.9642],[45.4267,40.9647],[45.4241,40.9656],[45.4222,40.9667],[45.4209,40.9682],[45.4203,40.9701],[45.42,40.9759],[45.4189,40.9792],[45.4178,40.98],[45.4156,40.9804],[45.4134,40.9821],[45.4106,40.9859],[45.4101,40.988],[45.4106,40.9887],[45.4126,40.989],[45.4136,40.9897],[45.4142,40.9909],[45.4148,40.995],[45.4167,40.9975],[45.4199,41.0003],[45.4302,41.0067],[45.4342,41.0096],[45.4367,41.0123],[45.4378,41.0147],[45.4376,41.0168],[45.436,41.0189],[45.434,41.0195],[45.43,41.0197],[45.4272,41.0204],[45.4263,41.0211],[45.426,41.0226],[45.4251,41.0234],[45.4223,41.024],[45.4172,41.0239],[45.415,41.0231],[45.4143,41.0212],[45.4134,41.0208],[45.4117,41.0209],[45.4065,41.0225],[45.403,41.0223],[45.4011,41.0211],[45.3985,41.0181],[45.3939,41.0154],[45.3894,41.014],[45.3811,41.0121],[45.374,41.0092],[45.3701,41.0066],[45.3655,41.002],[45.3621,40.9997],[45.3564,40.9979],[45.3501,40.9978],[45.3466,40.9985],[45.3439,40.9997],[45.3418,41.0015],[45.3389,41.0051],[45.3375,41.006],[45.336,41.0065],[45.3336,41.006],[45.333,41.0054],[45.3325,41.0035],[45.33,41.0025],[45.327,41.0021],[45.321,41.0021],[45.3179,41.0025],[45.316,41.0031],[45.3141,41.0062],[45.3073,41.0098],[45.3048,41.0122],[45.3018,41.018],[45.2993,41.0257],[45.2982,41.0279],[45.2955,41.0315],[45.2939,41.0329],[45.29,41.0348],[45.2859,41.0358],[45.2818,41.0362],[45.2804,41.0358],[45.2799,41.0343],[45.2785,41.0332],[45.2684,41.0296],[45.2654,41.0271],[45.2643,41.0255],[45.2629,41.0213],[45.2625,41.0137],[45.2616,41.0099],[45.2608,41.0085],[45.2588,41.0068],[45.2575,41.0065],[45.2548,41.0066],[45.2528,41.0073],[45.2515,41.0085],[45.2508,41.0123],[45.2499,41.0135],[45.2482,41.0138],[45.243,41.0125],[45.2406,41.0128],[45.2385,41.0142],[45.2351,41.0198],[45.2313,41.0235],[45.2278,41.0253],[45.2217,41.0273],[45.2187,41.029],[45.2176,41.0301],[45.2162,41.0328],[45.2154,41.0386],[45.2148,41.0396],[45.2132,41.0411],[45.2055,41.0425],[45.2034,41.0438],[45.1998,41.0476],[45.1961,41.0491],[45.1905,41.0501],[45.1787,41.0505],[45.1749,41.0511],[45.1716,41.0522],[45.1689,41.0538],[45.1667,41.056],[45.165,41.0588],[45.1639,41.0621],[45.1628,41.0775],[45.1623,41.0802],[45.1607,41.0841],[45.1596,41.0852],[45.1583,41.0857],[45.1555,41.0858],[45.1528,41.0864],[45.1519,41.0872],[45.1515,41.0887],[45.1499,41.0897],[45.1439,41.0902],[45.1411,41.0908],[45.1402,41.0916],[45.1395,41.0938],[45.1375,41.0945],[45.1368,41.0945],[45.1361,41.094],[45.1351,41.0916],[45.1345,41.0873],[45.1339,41.0738],[45.1334,41.0707],[45.1315,41.0659],[45.1284,41.0628],[45.1205,41.0597],[45.1174,41.0577],[45.115,41.0551],[45.1112,41.0482],[45.109,41.0463],[45.1069,41.0463],[45.1059,41.0473],[45.105,41.0519],[45.1051,41.055],[45.1059,41.0581],[45.1069,41.0591],[45.1099,41.0597],[45.1108,41.0608],[45.1107,41.0623],[45.109,41.0633],[45.1043,41.0637],[45.1004,41.0629],[45.0983,41.0617],[45.0959,41.0588],[45.0933,41.057],[45.0868,41.0553],[45.0806,41.0549],[45.0737,41.0551],[45.0687,41.0557],[45.0655,41.057],[45.0641,41.0588],[45.0647,41.0623],[45.0655,41.0633],[45.0681,41.0639],[45.0694,41.0651],[45.0705,41.0711],[45.0719,41.0724],[45.0739,41.0727],[45.0753,41.0746],[45.0759,41.0814],[45.0767,41.0845],[45.0777,41.0855],[45.0791,41.0857],[45.08,41.0863],[45.08,41.0888],[45.078,41.0947],[45.0784,41.0977],[45.0791,41.0991],[45.0816,41.1016],[45.0876,41.105],[45.0917,41.1083],[45.0931,41.1105],[45.0939,41.1145],[45.0951,41.1157],[45.0984,41.1165],[45.1023,41.1163],[45.1045,41.1155],[45.1053,41.1136],[45.1066,41.1128],[45.1091,41.1123],[45.1149,41.1121],[45.1209,41.1128],[45.1222,41.1136],[45.1231,41.1158],[45.1239,41.1163],[45.1258,41.1165],[45.1278,41.1158],[45.1287,41.1136],[45.1305,41.1128],[45.136,41.1122],[45.1441,41.1123],[45.1486,41.113],[45.152,41.1142],[45.1533,41.115],[45.156,41.118],[45.1573,41.1189],[45.1607,41.1201],[45.1651,41.1208],[45.1754,41.1211],[45.1798,41.122],[45.1805,41.1224],[45.1813,41.1241],[45.1831,41.1259],[45.1966,41.1345],[45.2006,41.1385],[45.2021,41.1407],[45.2039,41.1455],[45.2043,41.1509],[45.2037,41.1571],[45.2024,41.1602],[45.1993,41.1609],[45.1987,41.1615],[45.1984,41.163],[45.1973,41.1639],[45.193,41.1647],[45.1853,41.1649],[45.1822,41.1654],[45.1789,41.1663],[45.1718,41.1697],[45.1639,41.175],[45.1513,41.1856],[45.1415,41.1928],[45.1368,41.1952],[45.1311,41.1963],[45.1302,41.1969],[45.1289,41.1988],[45.1278,41.2068],[45.127,41.2082],[45.1258,41.2088],[45.1242,41.2086],[45.1218,41.2072],[45.1127,41.199],[45.1075,41.1954],[45.1012,41.1929],[45.0976,41.1921],[45.0897,41.1913],[45.0815,41.1913],[45.0733,41.192],[45.0705,41.1927],[45.0698,41.1942],[45.0689,41.1946],[45.0672,41.1944],[45.0634,41.1932],[45.0608,41.1929],[45.0596,41.1932],[45.0575,41.1946],[45.054,41.2001],[45.0512,41.202],[45.0493,41.2025],[45.0449,41.2028],[45.0368,41.2018],[45.0346,41.2019],[45.0313,41.2032],[45.0302,41.2044],[45.0291,41.2077],[45.0294,41.2119],[45.0307,41.2149],[45.0318,41.216],[45.0348,41.2174],[45.0425,41.2178],[45.045,41.2183],[45.0463,41.2191],[45.0469,41.221],[45.0475,41.2216],[45.0505,41.2224],[45.0515,41.2241],[45.0522,41.2272],[45.0525,41.2368],[45.0534,41.2419],[45.0544,41.2436],[45.0577,41.2447],[45.0583,41.2464],[45.0574,41.248],[45.0543,41.2486],[45.0528,41.2496],[45.0506,41.2527],[45.0483,41.2574],[45.0444,41.2617],[45.041,41.2642],[45.0348,41.2676],[45.0318,41.2702],[45.0294,41.2745],[45.0289,41.2792],[45.028,41.2818],[45.0253,41.2847],[45.0212,41.2866],[45.0192,41.288],[45.0176,41.2907],[45.0169,41.2946],[45.0156,41.2958],[45.0136,41.2965],[45.0108,41.2966],[45.0065,41.2954],[45.0035,41.2936],[44.9977,41.2878],[44.9948,41.2855],[44.9919,41.2841],[44.9861,41.2833],[44.9837,41.2822],[44.9806,41.2792],[44.9784,41.2746],[44.9762,41.2715],[44.9747,41.2705],[44.9724,41.2701],[44.9705,41.2691],[44.9641,41.2629],[44.9607,41.2602],[44.9587,41.2592],[44.9541,41.2578],[44.9459,41.2571],[44.9379,41.2578],[44.936,41.2586],[44.9353,41.26],[44.9335,41.2604],[44.9302,41.2603],[44.9198,41.2589],[44.9149,41.2595],[44.9127,41.2603],[44.9088,41.263],[44.9019,41.272],[44.8998,41.2739],[44.8981,41.2747],[44.8957,41.2743],[44.8951,41.2737],[44.8948,41.2722],[44.8941,41.2718],[44.8875,41.2714],[44.8685,41.2728],[44.8634,41.2735],[44.8554,41.2752],[44.8525,41.2763],[44.8503,41.2776],[44.8488,41.279],[44.8481,41.2805],[44.8478,41.2848],[44.8467,41.2872],[44.8431,41.2885],[44.841,41.2899],[44.8342,41.2967],[44.8313,41.299],[44.8284,41.3004],[44.8255,41.301],[44.8216,41.3008],[44.82,41.3003],[44.8191,41.2996],[44.8189,41.2991]]}},{"type":"Feature","properties":{"kind":"marz","id":7},"geometry":{"type":"LineString","coordinates":[[43.9138,41.1718],[43.9137,41.1707],[43.912,41.1697],[43.906,41.1692],[43.9033,41.1686],[43.9023,41.1679],[43.9017,41.1663],[43.8994,41.1656],[43.8953,41.1651],[43.8775,41.1645],[43.8734,41.1635],[43.8723,41.1619],[43.8666,41.1609],[43.8455,41.1604],[43.8359,41.1598],[43.8327,41.1591],[43.8321,41.1586],[43.8315,41.1571],[43.8303,41.1565],[43.8222,41.1557],[43.821,41.1551],[43.8201,41.1531],[43.8188,41.152],[43.8147,41.1503],[43.8085,41.1486],[43.8027,41.1457],[43.7993,41.1431],[43.7934,41.1372],[43.7905,41.1354],[43.7876,41.1343],[43.783,41.1338],[43.7792,41.1321],[43.7746,41.129],[43.7636,41.1193],[43.7582,41.1156],[43.7532,41.1132],[43.7485,41.1121],[43.7444,41.1122],[43.7403,41.1128],[43.7389,41.1136],[43.7385,41.1151],[43.7376,41.1158],[43.7359,41.1163],[43.7288,41.1169],[43.7275,41.1176],[43.7268,41.1195],[43.7259,41.1202],[43.7242,41.1207],[43.7171,41.1213],[43.7159,41.122],[43.715,41.1239],[43.7137,41.1246],[43.7112,41.1251],[43.7035,41.1254],[43.6994,41.126],[43.6981,41.1268],[43.6976,41.1283],[43.6967,41.129],[43.6951,41.1295],[43.6879,41.1301],[43.6867,41.1308],[43.6861,41.1322],[43.6847,41.1326],[43.6724,41.133],[43.6271,41.1314],[43.6111,41.1316],[43.6049,41.1322],[43.5999,41.133],[43.5961,41.1341],[43.5934,41.1355],[43.592,41.1371],[43.5877,41.1398],[43.5816,41.1417],[43.5736,41.1427],[43.5594,41.1428],[43.5524,41.1425],[43.5479,41.1419],[43.546,41.141],[43.5458,41.14],[43.5449,41.1392],[43.5432,41.1387],[43.5361,41.1381],[43.5348,41.1375],[43.5338,41.1356],[43.5316,41.1348],[43.5247,41.1342],[43.5146,41.134],[43.5091,41.1333],[43.5051,41.1321],[43.5036,41.1312],[43.5005,41.1281],[43.4963,41.1263],[43.4859,41.124],[43.4718,41.1222],[43.4648,41.1204],[43.4622,41.1193],[43.4603,41.118],[43.459,41.1167],[43.4584,41.1152],[43.4578,41.1106],[43.4566,41.1083],[43.4546,41.1065],[43.4505,41.1046],[43.4478,41.1017],[43.4467,41.0976],[43.4468,41.0945],[43.4476,41.0914],[43.4486,41.0903],[43.4507,41.0899],[43.4522,41.0889],[43.4536,41.087],[43.4576,41.0798],[43.4609,41.0765],[43.465,41.0745],[43.4662,41.0733],[43.4682,41.0691],[43.4699,41.0581],[43.4706,41.0354],[43.472,41.0292],[43.4726,41.0285],[43.4742,41.0283],[43.4772,41.0264],[43.4857,41.0184],[43.4911,41.0159],[43.5035,41.0146],[43.5048,41.0138],[43.5054,41.0124],[43.5067,41.012],[43.5109,41.0124],[43.5185,41.014],[43.5218,41.014],[43.5237,41.0116],[43.5254,41.0111],[43.5306,41.0107],[43.535,41.0088],[43.5379,41.0065],[43.5427,41.0019],[43.5474,40.9993],[43.5504,40.9982],[43.5573,40.9964],[43.5731,40.9939],[43.5807,40.9914],[43.5836,40.9894],[43.5853,40.9873],[43.5881,40.9854],[43.5944,40.9831],[43.6028,40.9812],[43.6108,40.9777],[43.6156,40.9743],[43.6242,40.9665],[43.6279,40.964],[43.6313,40.9627],[43.6367,40.9622],[43.6383,40.9617],[43.6392,40.9609],[43.6399,40.9591],[43.6427,40.9566],[43.6629,40.9427],[43.669,40.9369],[43.6712,40.9339],[43.6739,40.9276],[43.6753,40.9119],[43.6764,40.9099],[43.6784,40.9092],[43.6789,40.9086],[43.68,40.9053],[43.6803,40.8995],[43.6797,40.8946],[43.6784,40.8921],[43.6764,40.8916],[43.6753,40.8906],[43.6747,40.8887],[43.6744,40.8843],[43.6753,40.8798],[43.6764,40.8788],[43.6794,40.8781],[43.68,40.8775],[43.6803,40.8761],[43.6794,40.8746],[43.6753,40.8737],[43.6747,40.8731],[43.6744,40.8717],[43.6753,40.8701],[43.6777,40.8697],[43.6784,40.8693],[43.6794,40.8672],[43.6802,40.861],[43.6805,40.8494],[43.6816,40.8445],[43.6828,40.8432],[43.6842,40.8431],[43.6852,40.8424],[43.6858,40.8412],[43.6865,40.8371],[43.6883,40.8345],[43.6916,40.8317],[43.704,40.8236],[43.7058,40.822],[43.7084,40.8186],[43.7095,40.8153],[43.7096,40.8122],[43.7104,40.8091],[43.7114,40.8081],[43.7135,40.8075],[43.7149,40.8058],[43.7164,40.8027],[43.7208,40.7892],[43.7222,40.7868],[43.7237,40.7858],[43.7251,40.7855],[43.7261,40.7841],[43.7267,40.7816],[43.7271,40.7739],[43.7279,40.7697],[43.7289,40.7684],[43.731,40.7677],[43.7325,40.766],[43.7339,40.7629],[43.7383,40.7494],[43.7398,40.747],[43.7412,40.746],[43.7426,40.7458],[43.744,40.7439],[43.7446,40.7371],[43.7454,40.7339],[43.7464,40.7329],[43.7483,40.7325],[43.7489,40.7315],[43.7483,40.7283],[43.7456,40.7225],[43.7434,40.72],[43.7406,40.7193],[43.7396,40.7186],[43.7389,40.7174],[43.7387,40.7144],[43.7396,40.7114],[43.7406,40.7107],[43.7419,40.7106],[43.7426,40.7102],[43.7436,40.7081],[43.7442,40.7044],[43.7446,40.6927],[43.7454,40.6865],[43.7464,40.6844],[43.7498,40.6833],[43.7503,40.6821],[43.7501,40.6806],[43.749,40.6798],[43.7463,40.6794],[43.7449,40.6783],[43.7434,40.6765],[43.7403,40.6706],[43.7379,40.668],[43.7348,40.6659],[43.7269,40.6629],[43.7239,40.6601],[43.7228,40.6581],[43.7214,40.6532],[43.721,40.6439],[43.7201,40.639],[43.7193,40.6371],[43.7173,40.6343],[43.7133,40.632],[43.7122,40.6311],[43.7106,40.6285],[43.7097,40.6251],[43.7092,40.6188],[43.7078,40.6151],[43.7067,40.6134],[43.7037,40.6105],[43.6976,40.6068],[43.6941,40.6036],[43.6903,40.5971],[43.6878,40.5893],[43.6859,40.5851],[43.6824,40.581],[43.6783,40.579],[43.6755,40.5767],[43.6746,40.5748],[43.6743,40.5717],[43.6735,40.5696],[43.6725,40.5689],[43.6695,40.5684],[43.6689,40.5678],[43.6686,40.5663],[43.6675,40.5654],[43.6631,40.5646],[43.6529,40.564],[43.6507,40.5633],[43.6474,40.5609],[43.6463,40.5592],[43.6452,40.5547],[43.6455,40.5474],[43.6466,40.5432],[43.6478,40.5422],[43.6497,40.5418],[43.6505,40.5408],[43.6511,40.5383],[43.6508,40.5363],[43.6503,40.5356],[43.6483,40.5348],[43.6453,40.5349],[43.6394,40.536],[43.6368,40.5354],[43.6361,40.5345],[43.6358,40.5318],[43.6368,40.5277],[43.6369,40.5244],[43.6363,40.5232],[43.6352,40.5223],[43.6316,40.5217],[43.6237,40.5228],[43.6182,40.5226],[43.6164,40.5214],[43.6159,40.5185],[43.6142,40.5164],[43.6122,40.5157],[43.6082,40.5155],[43.6055,40.5148],[43.6045,40.5141],[43.6042,40.5126],[43.6033,40.5118],[43.6016,40.5113],[43.5945,40.5107],[43.5929,40.5096],[43.5924,40.5081],[43.59,40.5071],[43.5793,40.5065],[43.576,40.5056],[43.5752,40.5047],[43.5749,40.5035],[43.5735,40.5021],[43.5634,40.4961],[43.5604,40.4935],[43.5579,40.4891],[43.5575,40.4844],[43.5566,40.4821],[43.5558,40.4813],[43.5538,40.4802],[43.5498,40.4799],[43.5471,40.4786],[43.546,40.4761],[43.5465,40.473],[43.5487,40.4705],[43.5538,40.468],[43.5558,40.4666],[43.5575,40.4639],[43.5579,40.4607],[43.5593,40.4592],[43.5618,40.4582],[43.5696,40.4576],[43.5735,40.4566],[43.5787,40.4534],[43.5832,40.4489],[43.5876,40.4457],[43.5905,40.4447],[43.5958,40.4443],[43.598,40.4434],[43.5987,40.4414],[43.5996,40.4403],[43.6065,40.4368],[43.6089,40.4346],[43.611,40.4316],[43.6146,40.4236],[43.6179,40.4206],[43.6226,40.4186],[43.6255,40.4181],[43.6325,40.4178],[43.6387,40.4186],[43.6434,40.4206],[43.6467,40.4236],[43.6485,40.4278],[43.6514,40.4318],[43.656,40.4353],[43.6625,40.4382],[43.6779,40.4428],[43.6806,40.4439],[43.6845,40.4461],[43.6861,40.4484],[43.6862,40.4505],[43.687,40.4525],[43.688,40.4532],[43.6902,40.4538],[43.6932,40.4575],[43.6985,40.4684],[43.7004,40.4713],[43.7028,40.474],[43.7056,40.4763],[43.7089,40.4782],[43.7127,40.4798],[43.7169,40.4811],[43.7215,40.482],[43.7349,40.4836],[43.7426,40.4853],[43.7445,40.4864],[43.7447,40.4874],[43.7456,40.4882],[43.7472,40.4887],[43.7525,40.4891],[43.7569,40.491],[43.7598,40.4933],[43.7628,40.4964],[43.7668,40.4991],[43.7693,40.5001],[43.7755,40.5016],[43.7832,40.5022],[43.7974,40.5018],[43.8023,40.5008],[43.8032,40.4992],[43.8056,40.4982],[43.8147,40.4977],[43.8188,40.4971],[43.8201,40.4963],[43.8209,40.4948],[43.8231,40.494],[43.8273,40.4936],[43.84,40.4933],[43.8469,40.4927],[43.8492,40.4919],[43.8502,40.4899],[43.8514,40.4893],[43.8575,40.4888],[43.8611,40.4875],[43.863,40.486],[43.8655,40.4829],[43.8693,40.4809],[43.8728,40.4802],[43.8819,40.4796],[43.8838,40.479],[43.8846,40.4775],[43.8874,40.4766],[43.8983,40.4758],[43.9175,40.4756],[43.9241,40.4759],[43.935,40.4772],[43.9394,40.4784],[43.943,40.4797],[43.946,40.4814],[43.9481,40.4834],[43.9496,40.4856],[43.9516,40.4875],[43.9542,40.4892],[43.9573,40.4906],[43.9651,40.4925],[43.9751,40.4933],[43.9861,40.4932],[43.9941,40.4925],[43.997,40.492],[44.0007,40.4904],[44.0014,40.4895],[44.0022,40.4861],[44.0042,40.4839],[44.0072,40.4817],[44.0132,40.4783],[44.0162,40.4757],[44.0187,40.4713],[44.0192,40.4654],[44.0199,40.4635],[44.0209,40.4625],[44.023,40.4621],[44.0251,40.4609],[44.0292,40.4563],[44.0309,40.4555],[44.0355,40.4542],[44.042,40.4535],[44.0503,40.4534],[44.058,40.454],[44.0642,40.4555],[44.0689,40.4577],[44.074,40.4624],[44.076,40.4638],[44.0808,40.4661],[44.0867,40.4679],[44.0997,40.4703],[44.1038,40.4714],[44.1061,40.4725],[44.1067,40.4741],[44.1076,40.4749],[44.1104,40.4755],[44.1145,40.4757],[44.118,40.477],[44.1199,40.4785],[44.1226,40.4816],[44.1259,40.4835],[44.1335,40.4858],[44.1487,40.4886],[44.1528,40.4903],[44.1534,40.4919],[44.1543,40.4927],[44.156,40.4931],[44.1598,40.4933],[44.1627,40.494],[44.1671,40.4965],[44.1729,40.5023],[44.1759,40.5046],[44.1788,40.506],[44.1817,40.5067],[44.1844,40.5068],[44.1872,40.5081],[44.1883,40.5105],[44.1877,40.5137],[44.1855,40.5162],[44.1817,40.518],[44.1793,40.521],[44.1777,40.5265],[44.1768,40.5345],[44.1767,40.5498],[44.1775,40.5602],[44.1785,40.5637],[44.1791,40.5644],[44.1806,40.5648],[44.1821,40.5668],[44.1843,40.5731],[44.1857,40.5793],[44.1854,40.5822],[44.1839,40.5845],[44.1813,40.5864],[44.1777,40.5878],[44.1729,40.5887],[44.1671,40.5891],[44.1602,40.589],[44.1341,40.5876],[44.1271,40.5878],[44.124,40.5885],[44.1235,40.5903],[44.1227,40.5908],[44.1201,40.5912],[44.1191,40.5926],[44.1183,40.5968],[44.118,40.6029],[44.1164,40.6077],[44.1144,40.6099],[44.1103,40.612],[44.1078,40.6141],[44.1057,40.6171],[44.1032,40.6231],[44.1007,40.6273],[44.0989,40.6293],[44.0941,40.6331],[44.0761,40.6429],[44.0729,40.6456],[44.0715,40.648],[44.0719,40.6503],[44.0729,40.6516],[44.0761,40.6543],[44.0811,40.6572],[44.0912,40.6622],[44.0941,40.664],[44.0989,40.6678],[44.1021,40.6719],[44.1048,40.6782],[44.1078,40.6824],[44.1103,40.6837],[44.1155,40.6842],[44.1171,40.6847],[44.118,40.6855],[44.1184,40.6871],[44.1193,40.6882],[44.122,40.6898],[44.126,40.6916],[44.1281,40.693],[44.1297,40.6957],[44.13,40.6988],[44.1308,40.7009],[44.1318,40.7016],[44.1338,40.7019],[44.1352,40.7031],[44.1358,40.7077],[44.1366,40.7097],[44.1376,40.7104],[44.1396,40.7107],[44.141,40.712],[44.1417,40.7165],[44.1425,40.7186],[44.1435,40.7193],[44.1455,40.7196],[44.1469,40.7208],[44.1475,40.7254],[44.1483,40.7274],[44.1493,40.7281],[44.1513,40.7285],[44.1523,40.7295],[44.1532,40.7341],[44.1532,40.7357],[44.1526,40.7372],[44.1513,40.7384],[44.1494,40.7395],[44.1437,40.7409],[44.1354,40.7416],[44.1188,40.742],[44.113,40.743],[44.1113,40.7453],[44.1043,40.7464],[44.1014,40.7485],[44.0985,40.7522],[44.0941,40.7609],[44.092,40.7639],[44.0893,40.7665],[44.0859,40.7688],[44.0819,40.7707],[44.0772,40.7723],[44.0719,40.7735],[44.066,40.7744],[44.0536,40.7758],[44.0485,40.7769],[44.0441,40.7783],[44.0405,40.78],[44.0376,40.7819],[44.0354,40.7841],[44.0339,40.7866],[44.0317,40.7939],[44.0295,40.798],[44.0281,40.799],[44.0267,40.7992],[44.0257,40.8003],[44.0251,40.8021],[44.0247,40.8079],[44.0239,40.8111],[44.0229,40.8121],[44.0209,40.8124],[44.0199,40.8131],[44.0192,40.8144],[44.0184,40.8198],[44.0176,40.8207],[44.015,40.8213],[44.014,40.822],[44.0134,40.8232],[44.0126,40.8286],[44.0112,40.8298],[44.0093,40.8302],[44.0087,40.8312],[44.0093,40.8343],[44.012,40.8401],[44.0142,40.8426],[44.017,40.8435],[44.018,40.8449],[44.0187,40.8474],[44.0195,40.8581],[44.0203,40.8601],[44.0215,40.8609],[44.0229,40.8611],[44.0242,40.863],[44.0249,40.8698],[44.0257,40.8729],[44.0267,40.8739],[44.0288,40.8743],[44.0303,40.8754],[44.0324,40.8785],[44.0347,40.883],[44.0366,40.8853],[44.0402,40.8872],[44.0454,40.8872],[44.0476,40.8863],[44.0483,40.8844],[44.0492,40.8837],[44.0509,40.8832],[44.058,40.8826],[44.0593,40.8819],[44.0598,40.8805],[44.0604,40.8801],[44.0631,40.8801],[44.068,40.8808],[44.0795,40.8835],[44.0834,40.8848],[44.0894,40.8877],[44.0916,40.8893],[44.0943,40.893],[44.0948,40.8951],[44.0951,40.9009],[44.0962,40.9042],[44.0968,40.9048],[44.0988,40.9052],[44.0998,40.9059],[44.1004,40.9071],[44.101,40.9111],[44.1034,40.9144],[44.1064,40.9166],[44.1125,40.9201],[44.1155,40.923],[44.1166,40.9246],[44.1179,40.9283],[44.1185,40.9362],[44.1191,40.9387],[44.1201,40.9401],[44.1221,40.9405],[44.1235,40.9417],[44.1241,40.9463],[44.125,40.9483],[44.126,40.949],[44.1288,40.9496],[44.131,40.9512],[44.1337,40.9551],[44.1343,40.9571],[44.1337,40.9578],[44.1308,40.9584],[44.1302,40.959],[44.1299,40.9605],[44.1292,40.9609],[44.1255,40.9617],[44.1146,40.9623],[44.0941,40.9626],[44.0854,40.9634],[44.0832,40.9643],[44.0823,40.9658],[44.0804,40.9664],[44.0714,40.9669],[44.0673,40.9675],[44.0659,40.9682],[44.0654,40.9702],[44.0647,40.9708],[44.0617,40.9715],[44.0607,40.9729],[44.0599,40.977],[44.0598,40.9811],[44.0606,40.9851],[44.0615,40.9869],[44.0639,40.9901],[44.0675,40.9927],[44.0716,40.995],[44.0757,40.9989],[44.0773,41.0034],[44.0771,41.0066],[44.0757,41.0092],[44.0746,41.0103],[44.0716,41.0121],[44.0639,41.0144],[44.0615,41.0155],[44.0601,41.0167],[44.0594,41.0185],[44.0571,41.0206],[44.0434,41.0296],[44.0372,41.0342],[44.0346,41.0366],[44.0306,41.0416],[44.0281,41.0469],[44.0259,41.0542],[44.0237,41.0583],[44.023,41.059],[44.02,41.0597],[44.0186,41.0607],[44.0139,41.0661],[44.0106,41.0677],[44.0042,41.0683],[44.0025,41.0688],[44.0016,41.0696],[44.0012,41.0711],[43.9996,41.0721],[43.9936,41.0726],[43.9908,41.0732],[43.9899,41.074],[43.9896,41.0755],[43.9879,41.0765],[43.9819,41.077],[43.9792,41.0776],[43.9782,41.0784],[43.9779,41.08],[43.977,41.0811],[43.9753,41.0822],[43.9715,41.0838],[43.9703,41.085],[43.9694,41.087],[43.9688,41.0896],[43.9683,41.0969],[43.9689,41.1069],[43.9704,41.1182],[43.9726,41.1296],[43.9741,41.1334],[43.9748,41.1341],[43.9755,41.1341],[43.9761,41.1347],[43.9767,41.1358],[43.9778,41.1424],[43.9781,41.1539],[43.9777,41.1577],[43.9759,41.1634],[43.9744,41.1653],[43.9726,41.1666],[43.9704,41.1673],[43.9678,41.1674],[43.9599,41.1663],[43.956,41.1667],[43.9532,41.1679],[43.9502,41.1708],[43.9486,41.1716],[43.9439,41.1729],[43.9375,41.1736],[43.9253,41.1736],[43.9193,41.1733],[43.9144,41.1722],[43.9138,41.1718]]}},{"type":"Feature","properties":{"kind":"marz","id":1},"geometry":{"type":"LineString","coordinates":[[44.1649,40.744],[44.1647,40.743],[44.1638,40.7422],[44.1622,40.7418],[44.1571,40.7413],[44.156,40.7409],[44.1543,40.7395],[44.1534,40.7372],[44.1531,40.7326],[44.1523,40.7295],[44.1513,40.7285],[44.1493,40.7281],[44.1483,40.7274],[44.1477,40.7262],[44.1469,40.7208],[44.146,40.7198],[44.1433,40.719],[44.1403,40.7153],[44.1323,40.6991],[44.1291,40.6941],[44.1273,40.6929],[44.1259,40.6927],[44.1237,40.6915],[44.1199,40.6869],[44.118,40.6854],[44.1145,40.6842],[44.1103,40.6837],[44.1078,40.6824],[44.1048,40.6782],[44.1018,40.6705],[44.0996,40.6671],[44.0981,40.6663],[44.0959,40.6659],[44.0945,40.6649],[44.0907,40.6603],[44.0888,40.6588],[44.0853,40.6576],[44.0811,40.6572],[44.0786,40.6562],[44.0756,40.6531],[44.074,40.65],[44.0739,40.6483],[44.0751,40.645],[44.0786,40.6417],[44.0941,40.6331],[44.0967,40.6313],[44.1007,40.6273],[44.1032,40.6231],[44.1057,40.6171],[44.1078,40.6141],[44.1103,40.612],[44.1144,40.6099],[44.1164,40.6077],[44.118,40.6029],[44.1183,40.5968],[44.1191,40.5926],[44.1201,40.5912],[44.1227,40.5908],[44.1235,40.5903],[44.124,40.5885],[44.1271,40.5878],[44.1341,40.5876],[44.1602,40.589],[44.1732,40.5893],[44.1823,40.5885],[44.1853,40.5876],[44.1873,40.5865],[44.1883,40.5851],[44.1877,40.5797],[44.1869,40.5783],[44.1843,40.5775],[44.1833,40.5764],[44.1827,40.5745],[44.1819,40.5664],[44.1811,40.565],[44.1791,40.5644],[44.178,40.5623],[44.1771,40.5574],[44.1766,40.5449],[44.1768,40.5345],[44.1784,40.5234],[44.1804,40.5192],[44.1817,40.518],[44.1855,40.5162],[44.1877,40.5137],[44.1883,40.5117],[44.1881,40.5096],[44.1864,40.5075],[44.1844,40.5068],[44.1804,40.5066],[44.1777,40.506],[44.1768,40.5052],[44.176,40.5029],[44.1747,40.5023],[44.1726,40.5021],[44.1711,40.5014],[44.1689,40.4993],[44.1666,40.4963],[44.1636,40.4942],[44.1612,40.4935],[44.1551,40.4929],[44.1534,40.4919],[44.1528,40.4903],[44.1487,40.4886],[44.1336,40.4859],[44.1268,40.4842],[44.1245,40.4831],[44.1238,40.4814],[44.1224,40.4803],[44.1199,40.4792],[44.1093,40.4759],[44.1068,40.4742],[44.1061,40.4725],[44.1038,40.4714],[44.0997,40.4703],[44.0867,40.4679],[44.0782,40.465],[44.074,40.4624],[44.0689,40.4577],[44.0642,40.4555],[44.058,40.454],[44.0503,40.4534],[44.0388,40.4536],[44.0339,40.4541],[44.0312,40.4548],[44.0295,40.4575],[44.0228,40.461],[44.0208,40.4628],[44.0191,40.4666],[44.0187,40.4713],[44.0162,40.4757],[44.0132,40.4783],[44.0072,40.4817],[44.0042,40.4839],[44.0022,40.4861],[44.0014,40.4895],[44.0007,40.4904],[43.9992,40.4913],[43.9941,40.4925],[43.981,40.4933],[43.9751,40.4933],[43.9651,40.4925],[43.9609,40.4917],[43.9542,40.4892],[43.9516,40.4875],[43.9496,40.4856],[43.9481,40.4834],[43.946,40.4814],[43.943,40.4797],[43.9394,40.4784],[43.935,40.4772],[43.9299,40.4764],[43.9175,40.4756],[43.8983,40.4758],[43.8901,40.4763],[43.8856,40.477],[43.8846,40.4775],[43.8838,40.479],[43.8819,40.4796],[43.8729,40.4801],[43.8688,40.4807],[43.8674,40.4815],[43.8669,40.4831],[43.8655,40.4842],[43.863,40.4853],[43.8523,40.4886],[43.8499,40.4903],[43.8492,40.4919],[43.8469,40.4927],[43.8428,40.4931],[43.83,40.4934],[43.8231,40.494],[43.8209,40.4948],[43.8201,40.4963],[43.8188,40.4971],[43.8163,40.4976],[43.8056,40.4982],[43.8032,40.4992],[43.8023,40.5008],[43.7974,40.5018],[43.7914,40.5022],[43.7794,40.5022],[43.7733,40.5018],[43.7695,40.5012],[43.7679,40.5003],[43.7678,40.4992],[43.7669,40.4982],[43.7638,40.4976],[43.7617,40.4964],[43.7579,40.4918],[43.756,40.4903],[43.7524,40.489],[43.7463,40.4885],[43.7451,40.4879],[43.7439,40.4859],[43.7426,40.4853],[43.7349,40.4836],[43.7132,40.4809],[43.7075,40.4797],[43.7043,40.4786],[43.7036,40.4781],[43.7031,40.4763],[43.7023,40.4758],[43.6997,40.4754],[43.6987,40.4743],[43.6981,40.4725],[43.6972,40.4643],[43.6959,40.4625],[43.6939,40.4621],[43.6925,40.4609],[43.6919,40.4563],[43.691,40.4542],[43.69,40.4535],[43.6879,40.4532],[43.6865,40.4521],[43.685,40.4502],[43.6828,40.4459],[43.6803,40.443],[43.6784,40.4417],[43.6737,40.4396],[43.6606,40.4368],[43.6551,40.4346],[43.6529,40.4332],[43.6496,40.4298],[43.6478,40.4256],[43.6452,40.422],[43.6412,40.4195],[43.6358,40.4181],[43.6288,40.4178],[43.6256,40.4173],[43.6229,40.4164],[43.6206,40.4149],[43.6188,40.413],[43.6174,40.4105],[43.6165,40.4076],[43.6155,40.3938],[43.6142,40.3889],[43.6122,40.3857],[43.6071,40.3829],[43.6055,40.3813],[43.6045,40.3794],[43.6038,40.3747],[43.603,40.3738],[43.6004,40.373],[43.5994,40.3713],[43.5988,40.3681],[43.5984,40.3584],[43.5976,40.3532],[43.5966,40.3514],[43.5941,40.3505],[43.593,40.348],[43.5927,40.3436],[43.5938,40.3394],[43.5965,40.3365],[43.6005,40.3346],[43.6033,40.3323],[43.6042,40.3304],[43.6045,40.3272],[43.6062,40.3245],[43.6082,40.3231],[43.6122,40.3213],[43.615,40.319],[43.6159,40.3171],[43.6161,40.314],[43.617,40.3119],[43.618,40.3112],[43.6201,40.3108],[43.6215,40.3098],[43.6279,40.2993],[43.6302,40.2973],[43.6343,40.2952],[43.6364,40.2936],[43.637,40.2927],[43.6375,40.2903],[43.6352,40.283],[43.635,40.2811],[43.6356,40.2801],[43.6376,40.2797],[43.639,40.279],[43.6437,40.2739],[43.6465,40.2723],[43.6528,40.2711],[43.6649,40.2705],[43.6682,40.2695],[43.6697,40.2668],[43.6764,40.2633],[43.6784,40.2615],[43.6797,40.2591],[43.6808,40.2531],[43.6819,40.252],[43.6836,40.2512],[43.6885,40.2503],[43.6956,40.2506],[43.7071,40.2523],[43.7137,40.254],[43.7153,40.2551],[43.7156,40.2563],[43.718,40.2586],[43.7272,40.2638],[43.7306,40.2664],[43.7334,40.2692],[43.7381,40.2767],[43.7409,40.2786],[43.7443,40.2797],[43.7485,40.2799],[43.754,40.279],[43.7578,40.2769],[43.7595,40.2749],[43.7617,40.273],[43.7672,40.2714],[43.7752,40.271],[43.7778,40.2712],[43.7823,40.2722],[43.7841,40.273],[43.7869,40.2753],[43.7901,40.2812],[43.7923,40.2837],[43.7967,40.2852],[43.7989,40.2872],[43.8012,40.2903],[43.8031,40.2918],[43.8054,40.2928],[43.8095,40.2932],[43.8129,40.292],[43.8171,40.289],[43.8311,40.2751],[43.8349,40.2723],[43.844,40.2676],[43.8548,40.264],[43.8823,40.2586],[43.8897,40.2563],[43.8905,40.2556],[43.8916,40.2535],[43.8941,40.2515],[43.9062,40.244],[43.9102,40.241],[43.9135,40.237],[43.9142,40.2338],[43.916,40.2322],[43.9215,40.231],[43.9295,40.2308],[43.935,40.2301],[43.9368,40.2294],[43.9377,40.2278],[43.9405,40.2267],[43.9454,40.2256],[43.9608,40.2232],[43.9643,40.2223],[43.9699,40.2203],[43.9736,40.2176],[43.9784,40.2098],[43.9799,40.2088],[43.982,40.2084],[43.983,40.2077],[43.9836,40.2065],[43.9842,40.2025],[43.9855,40.2006],[43.9897,40.1983],[43.9987,40.1955],[44.0006,40.1943],[44.0014,40.1927],[44.0032,40.1922],[44.0124,40.1914],[44.0288,40.1909],[44.0799,40.1906],[44.1073,40.19],[44.1164,40.1892],[44.1182,40.1888],[44.1182,40.1882],[44.1189,40.1877],[44.1226,40.1869],[44.1335,40.1863],[44.1498,40.1865],[44.1545,40.1871],[44.1624,40.189],[44.1655,40.1904],[44.168,40.1921],[44.17,40.1941],[44.1736,40.1999],[44.1747,40.2033],[44.174,40.2041],[44.1721,40.2047],[44.1713,40.2062],[44.1707,40.2131],[44.1698,40.2162],[44.1688,40.2173],[44.1668,40.2179],[44.1658,40.22],[44.1652,40.2237],[44.1648,40.2354],[44.164,40.2417],[44.163,40.2438],[44.1624,40.2442],[44.16,40.2446],[44.1591,40.2462],[44.1596,40.2471],[44.1624,40.2476],[44.1673,40.2474],[44.1788,40.2462],[44.1859,40.2448],[44.1908,40.2432],[44.1936,40.2414],[44.1944,40.2382],[44.1968,40.2354],[44.1999,40.234],[44.2089,40.2311],[44.2114,40.2295],[44.2119,40.2279],[44.2133,40.2275],[44.2193,40.2283],[44.2264,40.2306],[44.2283,40.2317],[44.2294,40.2339],[44.2308,40.235],[44.2333,40.2361],[44.2439,40.2395],[44.2458,40.2406],[44.2467,40.2423],[44.248,40.2432],[44.2512,40.2438],[44.2562,40.2441],[44.2631,40.2442],[44.2666,40.2439],[44.2729,40.2421],[44.2786,40.239],[44.2835,40.2345],[44.2901,40.2272],[44.2945,40.224],[44.2988,40.2223],[44.3068,40.2217],[44.3092,40.2212],[44.3106,40.2205],[44.3113,40.2189],[44.3131,40.2177],[44.3186,40.2161],[44.3267,40.2143],[44.3311,40.2129],[44.3358,40.2102],[44.3384,40.207],[44.3414,40.2049],[44.3438,40.2042],[44.3499,40.2037],[44.3512,40.203],[44.3519,40.2011],[44.3529,40.2003],[44.3545,40.1998],[44.3616,40.1992],[44.3629,40.1986],[44.3634,40.1971],[44.3659,40.196],[44.3717,40.1949],[44.3864,40.1932],[44.393,40.1927],[44.404,40.1926],[44.4083,40.1931],[44.412,40.1939],[44.4149,40.1951],[44.4171,40.1966],[44.4185,40.1985],[44.4202,40.2044],[44.4202,40.2077],[44.4193,40.2086],[44.4174,40.209],[44.4165,40.2099],[44.4159,40.2145],[44.4151,40.2166],[44.4141,40.2173],[44.4121,40.2176],[44.4107,40.2189],[44.4101,40.2235],[44.4092,40.2256],[44.4082,40.2262],[44.4062,40.2267],[44.4052,40.2281],[44.4043,40.2342],[44.4048,40.2386],[44.4071,40.2431],[44.4112,40.2476],[44.4171,40.252],[44.4239,40.2564],[44.4308,40.2625],[44.4331,40.2661],[44.4335,40.2696],[44.4324,40.2725],[44.4299,40.2749],[44.4258,40.2767],[44.4156,40.279],[44.4123,40.2801],[44.4105,40.2813],[44.41,40.2829],[44.4083,40.2846],[44.4012,40.2881],[44.3996,40.2897],[44.3987,40.2916],[44.3988,40.2956],[44.3998,40.2973],[44.4025,40.2978],[44.404,40.2985],[44.4088,40.3038],[44.4125,40.306],[44.4181,40.3083],[44.4299,40.3116],[44.437,40.314],[44.4397,40.3154],[44.4435,40.3182],[44.4452,40.3213],[44.4453,40.3245],[44.4461,40.3276],[44.4471,40.3286],[44.4491,40.3291],[44.4505,40.3309],[44.4511,40.3378],[44.4519,40.3409],[44.4529,40.342],[44.4551,40.3426],[44.4571,40.3447],[44.4593,40.3485],[44.4634,40.3572],[44.4672,40.3633],[44.4695,40.366],[44.4748,40.3708],[44.4779,40.3729],[44.4909,40.3797],[44.4932,40.3814],[44.4964,40.3847],[44.4977,40.3881],[44.4972,40.3935],[44.4958,40.3954],[44.4938,40.3957],[44.4928,40.3964],[44.4922,40.3977],[44.4914,40.4031],[44.49,40.4043],[44.488,40.4048],[44.487,40.4061],[44.4862,40.4103],[44.4864,40.4166],[44.4883,40.4207],[44.4915,40.4246],[44.5039,40.4331],[44.5058,40.4348],[44.5083,40.4381],[44.5094,40.4414],[44.51,40.4468],[44.5108,40.4483],[44.5127,40.4489],[44.5133,40.4495],[44.5143,40.4523],[44.5152,40.4606],[44.5155,40.4761],[44.5166,40.4828],[44.5178,40.4845],[44.5192,40.4846],[44.5206,40.4859],[44.5212,40.4904],[44.522,40.4925],[44.523,40.4932],[44.525,40.4936],[44.526,40.4946],[44.5267,40.4965],[44.5275,40.5046],[44.5283,40.506],[44.5309,40.5069],[44.5319,40.5079],[44.5325,40.5098],[44.5329,40.5156],[44.5337,40.5187],[44.5347,40.5198],[44.5367,40.5201],[44.5377,40.5208],[44.5383,40.5221],[44.5392,40.5275],[44.54,40.5284],[44.5426,40.5293],[44.5448,40.533],[44.5463,40.5376],[44.5483,40.5467],[44.5488,40.5513],[44.5483,40.5551],[44.5458,40.5559],[44.545,40.5569],[44.5443,40.5614],[44.5434,40.563],[44.5406,40.5642],[44.5366,40.5644],[44.5339,40.565],[44.533,40.5658],[44.5326,40.5673],[44.531,40.5684],[44.5229,40.5692],[44.5216,40.5698],[44.5206,40.5718],[44.5184,40.5725],[44.5143,40.573],[44.5015,40.5733],[44.4946,40.5739],[44.4924,40.5747],[44.4914,40.5766],[44.4901,40.5772],[44.4853,40.5777],[44.4821,40.5785],[44.4767,40.5818],[44.4683,40.5896],[44.4625,40.5937],[44.4591,40.5951],[44.4548,40.5955],[44.4523,40.5962],[44.4493,40.5983],[44.4466,40.6015],[44.4428,40.6037],[44.4373,40.6059],[44.4255,40.6093],[44.4217,40.611],[44.4186,40.6133],[44.4162,40.6163],[44.4144,40.6199],[44.4132,40.6241],[44.4126,40.629],[44.4127,40.6345],[44.4144,40.6505],[44.4144,40.6596],[44.4134,40.6619],[44.4127,40.6619],[44.4113,40.6635],[44.4098,40.6674],[44.4061,40.6857],[44.404,40.694],[44.4025,40.6967],[44.4018,40.6973],[44.3998,40.6977],[44.399,40.6987],[44.3984,40.7032],[44.3976,40.7053],[44.3966,40.706],[44.3944,40.7064],[44.3925,40.7074],[44.3889,40.7105],[44.3846,40.7151],[44.3802,40.7182],[44.3773,40.7192],[44.372,40.7196],[44.3704,40.7201],[44.3695,40.7209],[44.369,40.7225],[44.3676,40.7236],[44.354,40.7284],[44.3512,40.7301],[44.3485,40.7333],[44.3467,40.7343],[44.344,40.7353],[44.3355,40.737],[44.323,40.7384],[44.3065,40.7396],[44.2986,40.7398],[44.2915,40.7395],[44.2852,40.7388],[44.2797,40.7377],[44.275,40.7362],[44.2712,40.7342],[44.2682,40.7319],[44.266,40.7291],[44.2605,40.7246],[44.2572,40.7229],[44.2496,40.7205],[44.2405,40.7194],[44.2309,40.7195],[44.2213,40.7201],[44.2181,40.7209],[44.2166,40.723],[44.2147,40.7241],[44.2057,40.727],[44.2027,40.7284],[44.2002,40.7311],[44.1997,40.7351],[44.199,40.7363],[44.198,40.737],[44.1959,40.7373],[44.1945,40.738],[44.1898,40.7431],[44.187,40.7446],[44.1831,40.7456],[44.1751,40.746],[44.1686,40.7456],[44.1653,40.7445],[44.1649,40.744]]}},{"type":"Feature","properties":{"kind":"marz","id":5},"geometry":{"type":"LineString","coordinates":[[44.4861,40.6998],[44.4859,40.6987],[44.4842,40.6977],[44.4782,40.6972],[44.4755,40.6966],[44.4746,40.6958],[44.4744,40.6948],[44.4737,40.6943],[44.4706,40.6931],[44.4648,40.692],[44.4467,40.6897],[44.4425,40.6889],[44.4355,40.6868],[44.4303,40.6842],[44.424,40.6783],[44.4211,40.6764],[44.4182,40.6754],[44.414,40.6749],[44.412,40.6739],[44.4107,40.672],[44.4102,40.6677],[44.4111,40.6631],[44.4121,40.6621],[44.4134,40.6619],[44.4144,40.6596],[44.4144,40.6505],[44.4127,40.6345],[44.4126,40.629],[44.4132,40.6241],[44.4144,40.6199],[44.4162,40.6163],[44.4186,40.6133],[44.4217,40.611],[44.4255,40.6093],[44.4338,40.607],[44.4428,40.6037],[44.4466,40.6015],[44.4493,40.5983],[44.4523,40.5962],[44.4548,40.5955],[44.4589,40.5953],[44.4616,40.5947],[44.4625,40.5939],[44.4633,40.5917],[44.4641,40.5912],[44.4668,40.5908],[44.4687,40.5897],[44.4723,40.5866],[44.4766,40.582],[44.481,40.5789],[44.4839,40.5779],[44.4901,40.5772],[44.4914,40.5766],[44.4924,40.5747],[44.4946,40.5739],[44.4987,40.5734],[44.5115,40.5732],[44.5184,40.5725],[44.5206,40.5718],[44.5215,40.5702],[44.5233,40.5691],[44.5266,40.568],[44.5342,40.5663],[44.5393,40.5646],[44.5432,40.562],[44.546,40.5586],[44.5483,40.5524],[44.5488,40.5483],[44.5483,40.5469],[44.5464,40.5463],[44.5458,40.5458],[44.545,40.5438],[44.5444,40.5347],[44.5435,40.5305],[44.5425,40.5291],[44.5405,40.5287],[44.5395,40.528],[44.5389,40.5268],[44.5381,40.5214],[44.5372,40.5204],[44.5346,40.5196],[44.5324,40.5158],[44.5288,40.5021],[44.5266,40.4958],[44.5251,40.4938],[44.523,40.4932],[44.522,40.4925],[44.5214,40.4913],[44.5206,40.4859],[44.5197,40.4849],[44.5178,40.4845],[44.5166,40.4828],[44.5155,40.4761],[44.5152,40.4606],[44.5143,40.4523],[44.5133,40.4495],[44.5127,40.4489],[44.5108,40.4483],[44.51,40.4468],[44.5094,40.4414],[44.5083,40.4381],[44.5072,40.4364],[44.5039,40.4331],[44.4915,40.4246],[44.4883,40.4207],[44.4864,40.4166],[44.4862,40.4103],[44.487,40.4061],[44.488,40.4048],[44.49,40.4043],[44.4914,40.4031],[44.492,40.3985],[44.4928,40.3964],[44.4938,40.3957],[44.4958,40.3954],[44.4972,40.3935],[44.4977,40.3881],[44.4964,40.3847],[44.495,40.3831],[44.4909,40.3797],[44.4754,40.3716],[44.4699,40.3674],[44.4685,40.365],[44.4685,40.3629],[44.4676,40.3608],[44.4666,40.3601],[44.4646,40.3599],[44.4633,40.3586],[44.4626,40.354],[44.4618,40.3519],[44.4608,40.3512],[44.4588,40.351],[44.4574,40.3497],[44.4568,40.3451],[44.456,40.343],[44.455,40.3423],[44.4529,40.3418],[44.4514,40.3397],[44.4492,40.3334],[44.4463,40.3218],[44.4448,40.318],[44.4434,40.3159],[44.4403,40.3151],[44.4396,40.3144],[44.4391,40.3125],[44.4377,40.3117],[44.4352,40.3112],[44.4246,40.3106],[44.4221,40.3096],[44.4217,40.308],[44.42,40.307],[44.414,40.3065],[44.4113,40.3059],[44.4103,40.3051],[44.41,40.3035],[44.4091,40.3024],[44.4012,40.2983],[44.399,40.2958],[44.3985,40.2938],[44.3986,40.2917],[44.399,40.2902],[44.3998,40.2892],[44.4025,40.2886],[44.404,40.2879],[44.4086,40.2827],[44.4114,40.2808],[44.4177,40.2785],[44.4258,40.2767],[44.4299,40.2749],[44.4324,40.2725],[44.4335,40.2696],[44.4331,40.2661],[44.4308,40.2625],[44.4239,40.2564],[44.4171,40.252],[44.4112,40.2476],[44.4071,40.2431],[44.4048,40.2386],[44.4043,40.2342],[44.4052,40.2281],[44.4062,40.2267],[44.4083,40.2261],[44.4098,40.2247],[44.4113,40.2222],[44.4134,40.2164],[44.4148,40.2145],[44.4168,40.2129],[44.4195,40.2118],[44.4227,40.2109],[44.4312,40.2103],[44.4423,40.2111],[44.4554,40.2127],[44.462,40.2144],[44.4627,40.215],[44.4627,40.2155],[44.4635,40.2159],[44.4676,40.2164],[44.48,40.2159],[44.5029,40.2143],[44.5128,40.2143],[44.5153,40.215],[44.5155,40.216],[44.518,40.2171],[44.527,40.2175],[44.5311,40.2182],[44.5325,40.2189],[44.533,40.2205],[44.5339,40.2212],[44.5355,40.2217],[44.5426,40.2223],[44.5439,40.223],[44.5446,40.2249],[44.5455,40.2257],[44.5472,40.2262],[44.5543,40.2268],[44.5556,40.2274],[44.5564,40.2294],[44.5578,40.2301],[44.5602,40.2306],[44.566,40.2308],[44.568,40.2306],[44.5715,40.2296],[44.5729,40.2288],[44.5753,40.2265],[44.5784,40.2206],[44.5799,40.2187],[44.5813,40.2177],[44.5834,40.2173],[44.5844,40.2166],[44.5851,40.2154],[44.5857,40.2113],[44.5875,40.2091],[44.5908,40.2069],[44.601,40.2024],[44.605,40.2002],[44.6076,40.198],[44.6087,40.1957],[44.6086,40.1936],[44.6078,40.1915],[44.6068,40.1909],[44.6038,40.1903],[44.6031,40.1897],[44.6026,40.1876],[44.6012,40.1861],[44.5971,40.1834],[44.5911,40.1801],[44.5881,40.1779],[44.5856,40.1745],[44.5851,40.1705],[44.5844,40.1692],[44.5834,40.1685],[44.582,40.1684],[44.5806,40.1672],[44.5784,40.1621],[44.5762,40.1533],[44.5751,40.1458],[44.5757,40.142],[44.5762,40.1416],[44.5776,40.1415],[44.5786,40.1408],[44.5792,40.1395],[44.5795,40.1366],[44.5803,40.1357],[44.5844,40.1345],[44.5918,40.1342],[44.6149,40.1355],[44.62,40.1355],[44.628,40.1347],[44.6309,40.1338],[44.6331,40.1327],[44.6346,40.1313],[44.6361,40.1282],[44.6382,40.125],[44.6397,40.124],[44.6418,40.1236],[44.6428,40.1229],[44.6434,40.1217],[44.6443,40.1162],[44.6451,40.1153],[44.6476,40.1147],[44.6486,40.114],[44.6493,40.1127],[44.6496,40.1088],[44.6505,40.1067],[44.6515,40.1061],[44.6535,40.1057],[44.6545,40.1047],[44.6553,40.1015],[44.6557,40.0957],[44.6568,40.0931],[44.658,40.0925],[44.6603,40.0921],[44.661,40.0915],[44.6612,40.09],[44.6653,40.0893],[44.6818,40.0893],[44.7105,40.0906],[44.7351,40.0922],[44.7475,40.0939],[44.7488,40.0945],[44.749,40.0955],[44.7506,40.0966],[44.7567,40.097],[44.7594,40.0977],[44.7603,40.0984],[44.761,40.1],[44.7632,40.1012],[44.7673,40.1023],[44.7803,40.1047],[44.7862,40.1065],[44.7888,40.1076],[44.7931,40.1102],[44.7977,40.1149],[44.8021,40.1181],[44.805,40.1191],[44.8103,40.1195],[44.812,40.12],[44.8129,40.1208],[44.8132,40.1223],[44.8149,40.1234],[44.8209,40.1238],[44.8236,40.1245],[44.8245,40.1252],[44.8249,40.1268],[44.8266,40.1278],[44.8326,40.1283],[44.8353,40.1289],[44.8362,40.1297],[44.8366,40.1312],[44.8382,40.1323],[44.8443,40.1328],[44.847,40.1334],[44.8479,40.1342],[44.8483,40.1357],[44.8499,40.1367],[44.8559,40.1372],[44.8587,40.1379],[44.8596,40.1386],[44.8599,40.1402],[44.8616,40.1412],[44.8696,40.142],[44.8713,40.1431],[44.8717,40.1446],[44.8742,40.1457],[44.8832,40.1462],[44.8873,40.1468],[44.8887,40.1476],[44.8891,40.1491],[44.8901,40.1499],[44.8917,40.1503],[44.8988,40.151],[44.9001,40.1516],[44.9009,40.1536],[44.9023,40.1543],[44.9047,40.1548],[44.9124,40.1551],[44.9165,40.1557],[44.9179,40.1565],[44.9183,40.158],[44.9192,40.1588],[44.9209,40.1593],[44.928,40.1599],[44.9293,40.1605],[44.93,40.1625],[44.9309,40.1632],[44.9326,40.1637],[44.9397,40.1644],[44.941,40.165],[44.9415,40.1665],[44.9425,40.1669],[44.9515,40.168],[44.9776,40.1684],[44.9904,40.1692],[44.9952,40.1701],[44.9988,40.1712],[45.0014,40.1726],[45.0028,40.1743],[45.0032,40.1762],[45.0025,40.1784],[44.998,40.1844],[44.9942,40.1881],[44.9838,40.1969],[44.9463,40.2242],[44.9364,40.2321],[44.9309,40.2375],[44.9298,40.2392],[44.9297,40.2413],[44.9289,40.2434],[44.9279,40.2441],[44.9259,40.2444],[44.9249,40.2451],[44.9243,40.2463],[44.9239,40.2502],[44.9231,40.2523],[44.9221,40.253],[44.9201,40.2533],[44.9191,40.2544],[44.9182,40.259],[44.9182,40.2621],[44.9191,40.2652],[44.9201,40.2663],[44.9221,40.2666],[44.9231,40.2673],[44.9237,40.2686],[44.9243,40.2726],[44.9256,40.2744],[44.9297,40.2767],[44.9358,40.2786],[44.9374,40.2794],[44.9399,40.2815],[44.9407,40.2828],[44.9415,40.2857],[44.941,40.2911],[44.9396,40.293],[44.9376,40.2934],[44.9362,40.2946],[44.9356,40.2992],[44.9348,40.3013],[44.9338,40.302],[44.9317,40.3023],[44.9304,40.3035],[44.9297,40.3081],[44.9289,40.3102],[44.9279,40.3109],[44.9259,40.3112],[44.9249,40.3123],[44.9243,40.3142],[44.9234,40.3223],[44.9226,40.3238],[44.9207,40.3244],[44.9192,40.3267],[44.9171,40.3359],[44.9141,40.3573],[44.9119,40.3688],[44.9105,40.3726],[44.9098,40.3733],[44.9078,40.374],[44.907,40.3754],[44.9064,40.3823],[44.9056,40.3854],[44.9046,40.3865],[44.9026,40.3869],[44.9012,40.3888],[44.9005,40.3957],[44.8997,40.3988],[44.8987,40.3998],[44.8967,40.4004],[44.8957,40.4025],[44.8949,40.4088],[44.8945,40.4205],[44.8934,40.4255],[44.8929,40.4263],[44.8903,40.4271],[44.8895,40.4281],[44.8887,40.4335],[44.8876,40.4352],[44.8849,40.4357],[44.8835,40.4364],[44.8788,40.4416],[44.876,40.4435],[44.8697,40.4458],[44.8615,40.4477],[44.8591,40.4485],[44.8552,40.4506],[44.8524,40.4532],[44.8484,40.4602],[44.847,40.4616],[44.8448,40.4623],[44.8439,40.4635],[44.8437,40.4664],[44.8443,40.471],[44.847,40.4827],[44.8492,40.4877],[44.8499,40.4885],[44.8519,40.4893],[44.8525,40.4914],[44.8523,40.4951],[44.8506,40.5039],[44.8492,40.5093],[44.847,40.5143],[44.8463,40.5151],[44.8428,40.5164],[44.8401,40.5183],[44.8324,40.5255],[44.8298,40.5275],[44.8236,40.5305],[44.82,40.5316],[44.8116,40.533],[44.7934,40.5335],[44.7858,40.5343],[44.7839,40.5352],[44.7833,40.537],[44.7825,40.5375],[44.7806,40.5377],[44.7797,40.5391],[44.7767,40.5509],[44.7729,40.5746],[44.7704,40.5944],[44.7698,40.6093],[44.7702,40.6148],[44.771,40.6191],[44.7723,40.6221],[44.774,40.6239],[44.7762,40.6245],[44.7797,40.6266],[44.7811,40.6282],[44.783,40.6325],[44.7839,40.6381],[44.7837,40.6443],[44.7828,40.6489],[44.7811,40.6518],[44.7787,40.653],[44.7759,40.6531],[44.7724,40.6544],[44.7704,40.6559],[44.7689,40.658],[44.7672,40.659],[44.7647,40.6598],[44.7568,40.661],[44.7454,40.6617],[44.7232,40.6619],[44.7081,40.6626],[44.7031,40.6633],[44.7021,40.6638],[44.7016,40.6648],[44.6988,40.6652],[44.6939,40.6651],[44.6786,40.6634],[44.6704,40.663],[44.6676,40.6634],[44.6668,40.6648],[44.6643,40.6659],[44.6523,40.6667],[44.6498,40.6678],[44.6494,40.6693],[44.6477,40.6703],[44.6417,40.6708],[44.639,40.6714],[44.6381,40.6722],[44.6373,40.6738],[44.6324,40.6761],[44.6143,40.6812],[44.6061,40.6839],[44.6034,40.6853],[44.6026,40.6871],[44.6012,40.6882],[44.5987,40.6893],[44.5881,40.6926],[44.5856,40.6943],[44.585,40.6958],[44.5817,40.6969],[44.5722,40.6973],[44.5642,40.6966],[44.5623,40.6958],[44.5618,40.6943],[44.5601,40.6933],[44.5541,40.6928],[44.5514,40.6922],[44.5505,40.6914],[44.55,40.6899],[44.5487,40.6891],[44.5462,40.6886],[44.5404,40.6884],[44.5369,40.6886],[44.5336,40.6895],[44.5328,40.6904],[44.5325,40.6915],[44.5311,40.6926],[44.5287,40.6937],[44.518,40.697],[44.5155,40.6987],[44.5148,40.7003],[44.5125,40.701],[44.5057,40.7017],[44.4956,40.7017],[44.4906,40.7013],[44.4865,40.7003],[44.4861,40.6998]]}},{"type":"Feature","properties":{"kind":"marz","id":11},"geometry":{"type":"LineString","coordinates":[[44.5561,40.2289],[44.5559,40.2278],[44.5543,40.2268],[44.5483,40.2263],[44.5455,40.2257],[44.5446,40.2249],[44.5443,40.2234],[44.5426,40.2223],[44.5366,40.2219],[44.5339,40.2212],[44.533,40.2205],[44.5325,40.2189],[44.5311,40.2182],[44.5287,40.2177],[44.518,40.2171],[44.5155,40.216],[44.5147,40.2145],[44.512,40.2137],[44.5038,40.2131],[44.4884,40.2132],[44.4819,40.2141],[44.4808,40.2145],[44.4802,40.2155],[44.4795,40.2159],[44.4758,40.2164],[44.4598,40.2155],[44.4445,40.2138],[44.4357,40.2122],[44.4335,40.2111],[44.4333,40.21],[44.4324,40.2092],[44.4308,40.2088],[44.4256,40.2083],[44.4243,40.2077],[44.422,40.2058],[44.4193,40.2007],[44.418,40.1966],[44.4175,40.1924],[44.418,40.191],[44.4193,40.1907],[44.4205,40.1897],[44.4213,40.1872],[44.4221,40.1736],[44.4232,40.1695],[44.4244,40.1684],[44.4258,40.1683],[44.4268,40.1676],[44.4274,40.1663],[44.4277,40.1634],[44.4293,40.1612],[44.431,40.16],[44.4359,40.1578],[44.4474,40.1545],[44.4512,40.153],[44.4545,40.1512],[44.4572,40.149],[44.4594,40.1465],[44.4611,40.1437],[44.4622,40.1404],[44.4627,40.1369],[44.4622,40.1242],[44.4608,40.1198],[44.4602,40.1193],[44.4582,40.1191],[44.4571,40.1183],[44.4571,40.1159],[44.4582,40.1151],[44.4602,40.1148],[44.4616,40.114],[44.4638,40.1107],[44.466,40.1048],[44.4674,40.1028],[44.4694,40.101],[44.472,40.0994],[44.4753,40.098],[44.4838,40.0958],[44.5043,40.0933],[44.5109,40.0922],[44.5145,40.0911],[44.5153,40.0906],[44.5158,40.0889],[44.5171,40.0878],[44.5231,40.0849],[44.5251,40.0834],[44.5268,40.0807],[44.527,40.0776],[44.5278,40.0755],[44.5289,40.0748],[44.531,40.0744],[44.5324,40.0734],[44.5339,40.0715],[44.5361,40.0671],[44.5374,40.0656],[44.5394,40.0644],[44.5454,40.0625],[44.5493,40.0619],[44.5591,40.0612],[44.5744,40.0614],[44.5809,40.0619],[44.5846,40.0627],[44.5853,40.0632],[44.5853,40.0637],[44.587,40.0657],[44.5908,40.0688],[44.609,40.081],[44.6154,40.0862],[44.618,40.0887],[44.6217,40.0936],[44.6254,40.1019],[44.6275,40.1049],[44.6299,40.1071],[44.634,40.1093],[44.6361,40.1118],[44.6377,40.1176],[44.6379,40.1229],[44.6373,40.1292],[44.636,40.1324],[44.633,40.1331],[44.6323,40.1337],[44.632,40.1352],[44.6312,40.1356],[44.6238,40.136],[44.5967,40.1343],[44.5844,40.1345],[44.5803,40.1357],[44.5795,40.1366],[44.5794,40.1387],[44.5786,40.1408],[44.5776,40.1415],[44.5762,40.1416],[44.5757,40.142],[44.5751,40.1458],[44.5762,40.1533],[44.5784,40.1621],[44.5806,40.1672],[44.582,40.1684],[44.5834,40.1685],[44.5844,40.1692],[44.5851,40.1705],[44.5857,40.1746],[44.5875,40.1772],[44.5908,40.18],[44.601,40.1865],[44.605,40.1895],[44.6076,40.1922],[44.6083,40.1934],[44.6087,40.1957],[44.6076,40.198],[44.605,40.2002],[44.601,40.2024],[44.593,40.2058],[44.5875,40.2091],[44.5857,40.2113],[44.5851,40.2154],[44.5844,40.2166],[44.5834,40.2173],[44.5813,40.2177],[44.5799,40.2187],[44.5784,40.2206],[44.5753,40.2265],[44.5729,40.2288],[44.5698,40.2302],[44.566,40.2308],[44.5602,40.2306],[44.5578,40.2301],[44.5564,40.2294],[44.5561,40.2289]]}},{"type":"Feature","properties":{"kind":"marz","id":3},"geometry":{"type":"LineString","coordinates":[[43.7952,40.2835],[43.7908,40.2783],[43.7859,40.2744],[43.7807,40.272],[43.7752,40.271],[43.7696,40.2711],[43.7633,40.2723],[43.7605,40.2739],[43.7567,40.2778],[43.7524,40.2794],[43.7463,40.2799],[43.7443,40.2797],[43.7409,40.2786],[43.7394,40.2778],[43.737,40.2755],[43.7339,40.2696],[43.7325,40.2678],[43.731,40.2667],[43.7287,40.2663],[43.7268,40.2652],[43.7204,40.259],[43.7164,40.2561],[43.7138,40.2548],[43.7076,40.2527],[43.6918,40.2498],[43.6885,40.2487],[43.6857,40.2473],[43.6836,40.2456],[43.6819,40.2437],[43.6808,40.2414],[43.6799,40.2337],[43.6792,40.2316],[43.6766,40.2285],[43.6726,40.2267],[43.6627,40.2258],[43.66,40.2243],[43.6594,40.2233],[43.6595,40.2205],[43.6609,40.2174],[43.6631,40.2143],[43.6646,40.2132],[43.6669,40.2128],[43.6688,40.2118],[43.6723,40.2086],[43.6766,40.204],[43.6795,40.2017],[43.6839,40.1998],[43.6892,40.1994],[43.6909,40.1989],[43.6918,40.1982],[43.6925,40.1959],[43.6964,40.1945],[43.6975,40.192],[43.6981,40.186],[43.6994,40.183],[43.7035,40.1791],[43.7096,40.1757],[43.7126,40.1734],[43.7145,40.1712],[43.7153,40.169],[43.7153,40.1678],[43.7147,40.1668],[43.7134,40.1658],[43.7089,40.1641],[43.7019,40.1626],[43.6808,40.1598],[43.6751,40.1581],[43.6739,40.1561],[43.6726,40.1554],[43.6666,40.1549],[43.6639,40.1543],[43.6629,40.1536],[43.6626,40.152],[43.6617,40.1508],[43.66,40.1497],[43.6562,40.148],[43.6541,40.1455],[43.6531,40.1409],[43.6536,40.1305],[43.6553,40.1221],[43.6576,40.116],[43.6591,40.1137],[43.6608,40.1121],[43.6626,40.1109],[43.6646,40.1104],[43.6668,40.1104],[43.6703,40.1097],[43.6728,40.1083],[43.6742,40.106],[43.6748,40.1014],[43.6755,40.1001],[43.6781,40.0982],[43.6821,40.0972],[43.6923,40.0966],[43.6956,40.0956],[43.6974,40.094],[43.698,40.091],[43.6996,40.0889],[43.7016,40.0882],[43.7056,40.088],[43.7084,40.0873],[43.7093,40.0866],[43.7097,40.085],[43.7113,40.084],[43.7173,40.0835],[43.7201,40.0829],[43.721,40.0821],[43.7217,40.0802],[43.7239,40.0793],[43.7277,40.0791],[43.731,40.0795],[43.7323,40.0802],[43.733,40.0821],[43.7339,40.0829],[43.7379,40.0836],[43.7427,40.0832],[43.744,40.0825],[43.7449,40.0806],[43.7467,40.0802],[43.75,40.0804],[43.7604,40.0819],[43.7629,40.0819],[43.7675,40.0811],[43.7713,40.0791],[43.7761,40.0746],[43.7779,40.0733],[43.7821,40.0714],[43.787,40.0704],[43.7953,40.07],[43.7998,40.0693],[43.8016,40.0688],[43.8044,40.0672],[43.8071,40.0642],[43.8095,40.0626],[43.8144,40.0614],[43.8205,40.061],[43.8235,40.06],[43.8246,40.0591],[43.826,40.0568],[43.8268,40.0522],[43.8279,40.0508],[43.8317,40.0484],[43.8377,40.0466],[43.8499,40.0447],[43.8589,40.0424],[43.8627,40.0405],[43.8663,40.0365],[43.8684,40.0353],[43.8709,40.0346],[43.877,40.034],[43.8783,40.0334],[43.879,40.0314],[43.8799,40.0306],[43.8815,40.0302],[43.8887,40.0295],[43.8899,40.0289],[43.8908,40.0269],[43.8921,40.0262],[43.8946,40.0257],[43.9022,40.0254],[43.9064,40.0248],[43.9077,40.024],[43.9085,40.0221],[43.9098,40.0214],[43.9118,40.0211],[43.9158,40.0211],[43.9186,40.0217],[43.9195,40.0225],[43.9202,40.0248],[43.9222,40.0255],[43.9246,40.0251],[43.9252,40.0244],[43.9255,40.023],[43.9263,40.0225],[43.9304,40.0217],[43.9378,40.0212],[43.9551,40.021],[43.966,40.0214],[43.9741,40.0224],[43.9792,40.0239],[43.9806,40.0249],[43.9814,40.026],[43.9831,40.0269],[43.9896,40.0281],[44.0068,40.0283],[44.0376,40.0267],[44.0507,40.0267],[44.054,40.0274],[44.0542,40.0285],[44.0558,40.0295],[44.0618,40.03],[44.0646,40.0306],[44.0655,40.0314],[44.0662,40.0337],[44.0682,40.0344],[44.0706,40.034],[44.0712,40.0334],[44.072,40.0306],[44.074,40.0299],[44.0754,40.03],[44.0768,40.0306],[44.0773,40.0325],[44.0784,40.0334],[44.081,40.034],[44.0875,40.0344],[44.093,40.0343],[44.0985,40.0337],[44.1003,40.0329],[44.1009,40.0314],[44.1018,40.0306],[44.1058,40.0299],[44.1085,40.03],[44.1113,40.0306],[44.1122,40.0314],[44.1126,40.0329],[44.114,40.0337],[44.12,40.0344],[44.1241,40.0343],[44.1282,40.0337],[44.1296,40.0329],[44.1301,40.0314],[44.131,40.0306],[44.135,40.0299],[44.1397,40.0304],[44.141,40.031],[44.1416,40.0325],[44.1423,40.0329],[44.1459,40.0333],[44.1569,40.0329],[44.1729,40.0316],[44.181,40.0315],[44.1839,40.0318],[44.1875,40.0329],[44.1883,40.0339],[44.1886,40.036],[44.1894,40.0368],[44.1919,40.038],[44.1959,40.0387],[44.204,40.0388],[44.2094,40.0382],[44.2113,40.0374],[44.2119,40.0355],[44.2125,40.0348],[44.2142,40.0344],[44.2161,40.0346],[44.2172,40.0355],[44.2177,40.0375],[44.2191,40.0386],[44.2216,40.0397],[44.2322,40.0431],[44.2342,40.0442],[44.235,40.0459],[44.2372,40.0468],[44.2459,40.0476],[44.2664,40.0478],[44.2744,40.0474],[44.2795,40.0468],[44.2817,40.0459],[44.2825,40.0444],[44.2844,40.0438],[44.2965,40.0429],[44.2989,40.0419],[44.2992,40.0408],[44.3003,40.0399],[44.3029,40.0393],[44.315,40.0387],[44.3195,40.038],[44.3228,40.0368],[44.3251,40.035],[44.3267,40.0329],[44.3297,40.0315],[44.3321,40.0316],[44.3363,40.0328],[44.3399,40.0326],[44.3418,40.0314],[44.3442,40.0284],[44.3461,40.0269],[44.3497,40.0256],[44.3549,40.0251],[44.3565,40.0241],[44.3574,40.0225],[44.3578,40.0195],[44.3594,40.0174],[44.3614,40.0167],[44.3655,40.0164],[44.3682,40.0151],[44.3691,40.0136],[44.3695,40.0105],[44.3711,40.0084],[44.3731,40.0077],[44.3759,40.0076],[44.3771,40.0081],[44.3782,40.0091],[44.3799,40.0125],[44.381,40.0213],[44.3807,40.0316],[44.3796,40.0374],[44.3784,40.0389],[44.3777,40.0389],[44.3759,40.0401],[44.3738,40.0431],[44.3672,40.0569],[44.3636,40.0632],[44.3617,40.0653],[44.3594,40.0659],[44.3572,40.0678],[44.3536,40.0747],[44.3514,40.0779],[44.3499,40.0789],[44.3485,40.0791],[44.3473,40.0799],[44.3465,40.0819],[44.346,40.085],[44.3463,40.0912],[44.3481,40.0946],[44.3514,40.0972],[44.3536,40.0982],[44.3641,40.101],[44.3662,40.102],[44.3696,40.1044],[44.3718,40.1073],[44.3733,40.1104],[44.3755,40.1136],[44.3769,40.1146],[44.379,40.115],[44.38,40.1157],[44.3807,40.1169],[44.3811,40.1208],[44.3819,40.1229],[44.3829,40.1236],[44.3851,40.124],[44.387,40.125],[44.3934,40.1313],[44.3974,40.1344],[44.4061,40.1386],[44.4253,40.1446],[44.428,40.146],[44.4319,40.1488],[44.4335,40.152],[44.433,40.1574],[44.4316,40.1593],[44.4296,40.1596],[44.4282,40.1609],[44.4276,40.1655],[44.4268,40.1676],[44.4258,40.1683],[44.4244,40.1684],[44.4232,40.1695],[44.4221,40.1736],[44.4218,40.181],[44.4209,40.1835],[44.4191,40.1857],[44.4164,40.1876],[44.4127,40.1893],[44.4081,40.1907],[44.4027,40.1918],[44.3771,40.1943],[44.3662,40.196],[44.3644,40.1966],[44.3634,40.1971],[44.3634,40.1977],[44.3623,40.1988],[44.3598,40.1999],[44.3477,40.2028],[44.3432,40.2042],[44.3385,40.2069],[44.336,40.2101],[44.333,40.2122],[44.3305,40.2129],[44.3244,40.2134],[44.3231,40.2141],[44.3224,40.216],[44.3215,40.2168],[44.3198,40.2173],[44.3127,40.2179],[44.3114,40.2185],[44.3106,40.2205],[44.3092,40.2212],[44.3068,40.2217],[44.2988,40.2223],[44.2945,40.224],[44.2901,40.2272],[44.2835,40.2345],[44.2786,40.239],[44.2759,40.2407],[44.2698,40.2432],[44.2631,40.2442],[44.2535,40.244],[44.248,40.2432],[44.2467,40.2423],[44.2461,40.2408],[44.2448,40.2402],[44.2387,40.2396],[44.2352,40.2384],[44.2333,40.2368],[44.2297,40.2327],[44.2253,40.2302],[44.2193,40.2283],[44.2133,40.2275],[44.2119,40.2279],[44.2114,40.2294],[44.2105,40.2301],[44.2089,40.2306],[44.2037,40.2311],[44.2012,40.2321],[44.1982,40.2352],[44.1949,40.2411],[44.1916,40.2436],[44.1835,40.2449],[44.1826,40.2457],[44.1821,40.2472],[44.1802,40.248],[44.1722,40.2487],[44.1627,40.2483],[44.1602,40.2476],[44.1591,40.2467],[44.1596,40.2449],[44.163,40.2438],[44.164,40.2417],[44.1646,40.2379],[44.165,40.2262],[44.1658,40.22],[44.1668,40.2179],[44.1688,40.2173],[44.1698,40.2162],[44.1705,40.2143],[44.1713,40.2062],[44.1721,40.2047],[44.174,40.2041],[44.1747,40.2033],[44.1736,40.1999],[44.17,40.1941],[44.168,40.1921],[44.1655,40.1904],[44.1624,40.189],[44.1587,40.1879],[44.1498,40.1865],[44.1335,40.1863],[44.1226,40.1869],[44.1189,40.1877],[44.1182,40.1882],[44.1182,40.1888],[44.1164,40.1892],[44.1073,40.19],[44.0799,40.1906],[44.0288,40.1909],[44.0124,40.1914],[44.0032,40.1922],[44.0014,40.1927],[44.0011,40.1938],[43.9987,40.1955],[43.9897,40.1983],[43.9855,40.2006],[43.9842,40.2025],[43.9836,40.2065],[43.983,40.2077],[43.982,40.2084],[43.9799,40.2088],[43.9784,40.2098],[43.9736,40.2176],[43.9699,40.2203],[43.9673,40.2214],[43.9608,40.2232],[43.9454,40.2256],[43.9405,40.2267],[43.9377,40.2278],[43.9368,40.2294],[43.935,40.2301],[43.9295,40.2308],[43.9215,40.231],[43.9175,40.2317],[43.916,40.2322],[43.9142,40.2338],[43.9136,40.2377],[43.9125,40.2393],[43.9096,40.24],[43.9073,40.2414],[43.8954,40.2519],[43.8883,40.2556],[43.8839,40.2573],[43.8735,40.2602],[43.8502,40.2646],[43.8429,40.2664],[43.8387,40.2678],[43.8379,40.2684],[43.8374,40.2701],[43.8361,40.2712],[43.8301,40.2741],[43.8273,40.2764],[43.8264,40.2783],[43.8262,40.2814],[43.8253,40.2835],[43.8243,40.2842],[43.8222,40.2845],[43.8208,40.2852],[43.8186,40.2872],[43.8163,40.2903],[43.8133,40.2924],[43.8095,40.2932],[43.8065,40.2929],[43.8031,40.2911],[43.7973,40.2859],[43.7952,40.2835]]}},{"type":"Feature","properties":{"kind":"marz","id":4},"geometry":{"type":"LineString","coordinates":[[45.14,40.7288],[45.1398,40.7259],[45.1387,40.7243],[45.1358,40.7236],[45.1335,40.7222],[45.1222,40.712],[45.1178,40.7089],[45.1156,40.7078],[45.1112,40.7064],[45.1033,40.7059],[45.1008,40.7055],[45.0994,40.7047],[45.0988,40.7031],[45.0955,40.7014],[45.0813,40.6981],[45.0769,40.6965],[45.0742,40.6927],[45.0639,40.6864],[45.0599,40.6825],[45.0564,40.6772],[45.0491,40.6603],[45.0468,40.6559],[45.0449,40.6535],[45.0441,40.653],[45.0419,40.6526],[45.0404,40.6516],[45.0367,40.6471],[45.0348,40.6455],[45.0312,40.6443],[45.0251,40.6437],[45.0238,40.6431],[45.0233,40.6417],[45.0223,40.6411],[45.0141,40.6394],[44.9977,40.6378],[44.9786,40.6365],[44.9703,40.6364],[44.9658,40.6368],[44.9649,40.6372],[44.9643,40.6387],[44.963,40.6393],[44.9567,40.64],[44.9534,40.6414],[44.9496,40.6439],[44.9412,40.6516],[44.9373,40.6547],[44.9321,40.6572],[44.9267,40.6576],[44.9251,40.6581],[44.9242,40.6589],[44.9238,40.6604],[44.9222,40.6615],[44.9141,40.6623],[44.9129,40.6629],[44.9117,40.6649],[44.9104,40.6655],[44.9027,40.6671],[44.8849,40.6692],[44.8778,40.6696],[44.8734,40.6695],[44.8714,40.6688],[44.8714,40.6682],[44.8698,40.6671],[44.866,40.666],[44.8478,40.6632],[44.8388,40.6609],[44.835,40.659],[44.8318,40.6559],[44.8271,40.6544],[44.8199,40.6534],[44.7992,40.6526],[44.7948,40.6518],[44.7912,40.6505],[44.7882,40.6489],[44.786,40.6468],[44.7846,40.6443],[44.7839,40.6414],[44.7839,40.6381],[44.783,40.6325],[44.7811,40.6282],[44.7781,40.6254],[44.774,40.6239],[44.7723,40.6221],[44.771,40.6191],[44.7702,40.6148],[44.7698,40.6093],[44.7704,40.5944],[44.7743,40.5654],[44.7778,40.5456],[44.7788,40.5417],[44.7806,40.5377],[44.7829,40.5373],[44.7836,40.5367],[44.7839,40.5352],[44.7845,40.5348],[44.7877,40.534],[44.7973,40.5334],[44.8151,40.5331],[44.8209,40.5326],[44.8241,40.5318],[44.8247,40.5314],[44.8251,40.5301],[44.8269,40.5283],[44.8379,40.5214],[44.8429,40.5174],[44.8468,40.5126],[44.8496,40.507],[44.8514,40.5006],[44.8525,40.4931],[44.8519,40.4893],[44.8499,40.4885],[44.8492,40.4877],[44.8477,40.4847],[44.8463,40.4802],[44.8439,40.4685],[44.8437,40.4648],[44.8443,40.4627],[44.8448,40.4623],[44.8463,40.462],[44.8477,40.461],[44.8492,40.4591],[44.8524,40.4532],[44.8552,40.4506],[44.857,40.4495],[44.8615,40.4477],[44.8718,40.4453],[44.8751,40.4442],[44.8769,40.4431],[44.8775,40.4414],[44.8791,40.4398],[44.8862,40.4362],[44.8884,40.4337],[44.8892,40.4288],[44.8899,40.4275],[44.8909,40.4268],[44.8922,40.4267],[44.8934,40.4255],[44.8945,40.4205],[44.8949,40.4088],[44.8957,40.4025],[44.8967,40.4004],[44.8987,40.3998],[44.8997,40.3988],[44.9004,40.3969],[44.9012,40.3888],[44.902,40.3873],[44.9046,40.3865],[44.9056,40.3854],[44.9062,40.3836],[44.907,40.3754],[44.9078,40.374],[44.9098,40.3733],[44.9105,40.3726],[44.9119,40.3688],[44.9141,40.3573],[44.9171,40.3359],[44.9192,40.3267],[44.9207,40.3244],[44.9221,40.3242],[44.9234,40.3223],[44.9241,40.3154],[44.9249,40.3123],[44.9259,40.3112],[44.9279,40.3109],[44.9289,40.3102],[44.9296,40.309],[44.9304,40.3035],[44.9312,40.3025],[44.9338,40.302],[44.9348,40.3013],[44.9354,40.3],[44.9362,40.2946],[44.937,40.2936],[44.9401,40.2926],[44.9412,40.2901],[44.9415,40.2857],[44.9412,40.2842],[44.9399,40.2815],[44.9374,40.2794],[44.9296,40.2765],[44.9278,40.2754],[44.9262,40.274],[44.9234,40.2704],[44.9214,40.2657],[44.9202,40.2604],[44.9196,40.2566],[44.9202,40.2535],[44.9222,40.2529],[44.9244,40.2503],[44.9287,40.2395],[44.9309,40.2361],[44.9324,40.2353],[44.9348,40.2349],[44.9367,40.2316],[44.9417,40.2274],[44.9788,40.2007],[44.9899,40.1924],[44.9939,40.189],[44.9989,40.184],[44.9999,40.1823],[45.0,40.1803],[45.0008,40.1782],[45.0018,40.1775],[45.0032,40.1773],[45.0044,40.1761],[45.0055,40.1711],[45.0058,40.1593],[45.0067,40.1531],[45.0077,40.151],[45.011,40.1499],[45.0116,40.148],[45.0107,40.1465],[45.0077,40.1458],[45.0067,40.1444],[45.006,40.1419],[45.0056,40.1341],[45.0048,40.1299],[45.0038,40.1285],[45.0018,40.1281],[45.0008,40.1274],[45.0002,40.1261],[44.9994,40.1207],[44.9985,40.1197],[44.9966,40.1193],[44.996,40.1187],[44.995,40.116],[44.9943,40.1109],[44.9941,40.0992],[44.9943,40.092],[44.9954,40.0853],[44.9966,40.0836],[44.9973,40.0836],[44.9988,40.0825],[45.0003,40.0801],[45.0039,40.0686],[45.0061,40.0633],[45.0076,40.0616],[45.0097,40.0611],[45.011,40.0598],[45.0117,40.0552],[45.0125,40.0531],[45.0135,40.0524],[45.0155,40.0522],[45.0169,40.0509],[45.0175,40.0463],[45.0183,40.0442],[45.0193,40.0435],[45.0213,40.0431],[45.0223,40.0421],[45.023,40.0402],[45.0238,40.032],[45.0246,40.0306],[45.0272,40.0297],[45.0282,40.0287],[45.0288,40.0268],[45.0296,40.0186],[45.031,40.0167],[45.033,40.0164],[45.0344,40.0151],[45.0355,40.009],[45.0363,40.008],[45.0389,40.0074],[45.0399,40.0063],[45.0405,40.0044],[45.0409,39.9986],[45.0417,39.9954],[45.0427,39.9944],[45.0448,39.994],[45.047,39.9928],[45.0507,39.9882],[45.0526,39.9866],[45.0549,39.9856],[45.059,39.9852],[45.0604,39.9845],[45.0629,39.981],[45.0659,39.9705],[45.0681,39.9552],[45.0703,39.9447],[45.0718,39.9412],[45.0725,39.9405],[45.0744,39.94],[45.0753,39.9391],[45.0764,39.9329],[45.0772,39.9319],[45.0791,39.9315],[45.0797,39.9309],[45.0807,39.9277],[45.0816,39.9183],[45.0819,39.9007],[45.083,39.8931],[45.0842,39.8912],[45.0857,39.8909],[45.0871,39.8895],[45.0886,39.887],[45.0918,39.8792],[45.0946,39.8765],[45.0985,39.8752],[45.1035,39.8752],[45.1093,39.8766],[45.1147,39.8787],[45.1221,39.8836],[45.1286,39.8898],[45.1344,39.894],[45.1378,39.8954],[45.1431,39.8959],[45.1453,39.8967],[45.1463,39.899],[45.1486,39.9011],[45.1656,39.9124],[45.1711,39.9165],[45.1765,39.9222],[45.1795,39.9272],[45.1833,39.9298],[45.1858,39.931],[45.1923,39.9328],[45.2077,39.9352],[45.2143,39.9368],[45.2154,39.9374],[45.2162,39.9391],[45.2176,39.9402],[45.22,39.9413],[45.2307,39.9447],[45.2332,39.9463],[45.2338,39.948],[45.2357,39.9487],[45.2411,39.9494],[45.2513,39.9492],[45.2557,39.9484],[45.2565,39.948],[45.2568,39.9469],[45.2578,39.9464],[45.2669,39.9454],[45.2849,39.9449],[45.306,39.9452],[45.318,39.946],[45.32,39.9464],[45.321,39.9469],[45.321,39.9475],[45.3217,39.948],[45.323,39.9484],[45.3274,39.949],[45.3485,39.9495],[45.3581,39.9501],[45.3613,39.9509],[45.3627,39.9524],[45.3668,39.9532],[45.3792,39.9538],[45.4022,39.9541],[45.412,39.9549],[45.4145,39.9559],[45.4147,39.9569],[45.4161,39.9577],[45.4186,39.9582],[45.4293,39.9588],[45.4312,39.9594],[45.4324,39.9614],[45.4347,39.9626],[45.4388,39.9637],[45.4518,39.9661],[45.4577,39.9679],[45.4603,39.969],[45.4646,39.9717],[45.4694,39.9763],[45.4712,39.9776],[45.4754,39.9795],[45.4803,39.9805],[45.4887,39.9812],[45.4913,39.982],[45.4937,39.9833],[45.4979,39.987],[45.5013,39.9925],[45.5043,39.9988],[45.5077,40.0034],[45.5095,40.0051],[45.5135,40.0072],[45.5178,40.0076],[45.5199,40.0073],[45.5243,40.0059],[45.5309,40.0017],[45.5376,39.9956],[45.5402,39.9939],[45.5459,39.9914],[45.549,39.9905],[45.5557,39.9897],[45.5656,39.9901],[45.5721,39.9918],[45.5736,39.9926],[45.5777,39.9968],[45.5811,39.9985],[45.5855,40.0],[45.5937,40.0018],[45.5977,40.0033],[45.5991,40.0041],[45.601,40.006],[45.6015,40.0091],[45.6031,40.0112],[45.6052,40.0119],[45.6093,40.0122],[45.6117,40.0129],[45.6138,40.0142],[45.6163,40.0171],[45.6194,40.0189],[45.6218,40.0196],[45.6281,40.0206],[45.6501,40.0212],[45.6578,40.0221],[45.6597,40.023],[45.6599,40.024],[45.6615,40.0251],[45.6676,40.0256],[45.6712,40.0269],[45.6731,40.0284],[45.6764,40.0323],[45.6785,40.0336],[45.681,40.0343],[45.6852,40.0343],[45.6876,40.0336],[45.6897,40.0323],[45.6934,40.0284],[45.695,40.0276],[45.6997,40.0263],[45.7062,40.0256],[45.7145,40.0255],[45.7243,40.0259],[45.7292,40.0269],[45.7298,40.028],[45.7307,40.0284],[45.7353,40.0288],[45.7435,40.0287],[45.769,40.027],[45.7827,40.0266],[45.7873,40.027],[45.7882,40.0274],[45.7883,40.0285],[45.7891,40.0295],[45.7907,40.0299],[45.7926,40.0297],[45.7937,40.0289],[45.7942,40.0269],[45.7951,40.0258],[45.7978,40.0241],[45.8019,40.0223],[45.8046,40.02],[45.8055,40.0181],[45.8059,40.015],[45.8068,40.0135],[45.8084,40.0125],[45.8136,40.0118],[45.8161,40.0108],[45.8182,40.0089],[45.8216,40.0029],[45.8254,39.9985],[45.8289,39.9959],[45.8331,39.9936],[45.8352,39.993],[45.8372,39.993],[45.8391,39.9936],[45.8426,39.9964],[45.8443,39.9986],[45.849,40.0078],[45.8533,40.0128],[45.8559,40.0147],[45.8618,40.0176],[45.8721,40.0197],[45.875,40.0206],[45.8798,40.0227],[45.8831,40.0253],[45.8878,40.0332],[45.8893,40.0342],[45.8907,40.0344],[45.8922,40.0357],[45.8944,40.0407],[45.8973,40.0524],[45.8995,40.0587],[45.9009,40.0608],[45.903,40.0614],[45.904,40.0621],[45.9047,40.0633],[45.9055,40.0688],[45.9063,40.0698],[45.9082,40.0702],[45.9091,40.0718],[45.9091,40.0786],[45.9069,40.0975],[45.9073,40.1026],[45.9089,40.1054],[45.9101,40.1059],[45.9142,40.1063],[45.9164,40.1073],[45.9184,40.1088],[45.9208,40.1119],[45.9247,40.114],[45.9281,40.1147],[45.9342,40.1149],[45.9383,40.1155],[45.9397,40.1163],[45.9404,40.1178],[45.9436,40.1189],[45.9557,40.1194],[45.9597,40.1201],[45.9622,40.1214],[45.9633,40.1232],[45.9628,40.1268],[45.962,40.1278],[45.9594,40.1286],[45.9581,40.1317],[45.9575,40.138],[45.9581,40.1471],[45.9594,40.1502],[45.962,40.151],[45.9628,40.152],[45.9635,40.1566],[45.9644,40.1585],[45.9672,40.1608],[45.9711,40.1627],[45.972,40.1635],[45.973,40.1656],[45.9729,40.1683],[45.9712,40.1729],[45.9706,40.1761],[45.9712,40.1771],[45.9731,40.1775],[45.9741,40.1786],[45.9747,40.1805],[45.9756,40.1886],[45.9769,40.1905],[45.9795,40.1913],[45.9803,40.1928],[45.9808,40.1951],[45.9808,40.1997],[45.9799,40.2028],[45.9789,40.2039],[45.9759,40.2045],[45.975,40.206],[45.9756,40.2079],[45.9764,40.2083],[45.9789,40.2088],[45.9803,40.2113],[45.9809,40.2164],[45.9803,40.2236],[45.9789,40.2261],[45.9767,40.2267],[45.9743,40.2281],[45.9629,40.2384],[45.9581,40.2418],[45.9501,40.2454],[45.9418,40.2474],[45.9378,40.2488],[45.9352,40.2506],[45.9341,40.2526],[45.9345,40.2546],[45.9363,40.2558],[45.9396,40.2561],[45.9499,40.2549],[45.9523,40.2552],[45.9544,40.2559],[45.9562,40.257],[45.9591,40.2605],[45.9601,40.2629],[45.9612,40.2681],[45.9613,40.2719],[45.961,40.2733],[45.9594,40.2751],[45.9541,40.2758],[45.9518,40.2768],[45.9499,40.2783],[45.9476,40.2814],[45.9445,40.2835],[45.9421,40.2842],[45.9379,40.2845],[45.9354,40.2856],[45.9324,40.2887],[45.9291,40.2945],[45.927,40.2964],[45.9246,40.2975],[45.9217,40.2977],[45.9185,40.2973],[45.9172,40.2966],[45.9166,40.2952],[45.9153,40.2943],[45.9098,40.2934],[45.9002,40.2932],[45.8969,40.2934],[45.8914,40.2945],[45.8893,40.2953],[45.886,40.2976],[45.8842,40.3007],[45.8813,40.3037],[45.8767,40.306],[45.8702,40.3078],[45.8548,40.3102],[45.8498,40.3113],[45.8471,40.3124],[45.8461,40.3141],[45.8438,40.3152],[45.8397,40.3163],[45.8219,40.3197],[45.8187,40.3208],[45.8174,40.3219],[45.817,40.3229],[45.8152,40.3237],[45.8119,40.3242],[45.8015,40.3246],[45.7989,40.325],[45.7944,40.3265],[45.7905,40.3288],[45.7859,40.3334],[45.7825,40.3357],[45.7768,40.3375],[45.7689,40.338],[45.7656,40.3388],[45.7648,40.3397],[45.7643,40.3415],[45.7629,40.3421],[45.7608,40.3423],[45.7593,40.343],[45.7572,40.3451],[45.7549,40.3482],[45.753,40.3497],[45.7494,40.351],[45.7433,40.3515],[45.742,40.3521],[45.7415,40.3536],[45.7406,40.3543],[45.7374,40.3543],[45.728,40.3523],[45.7248,40.3523],[45.7242,40.3526],[45.7236,40.3542],[45.7203,40.3558],[45.7082,40.3587],[45.7019,40.361],[45.699,40.3628],[45.6956,40.3668],[45.6935,40.3681],[45.691,40.3688],[45.6882,40.3689],[45.6849,40.3685],[45.6836,40.3679],[45.6825,40.366],[45.6776,40.3656],[45.6677,40.3664],[45.6595,40.3676],[45.6535,40.369],[45.6497,40.3708],[45.648,40.3728],[45.6479,40.3749],[45.6462,40.3777],[45.6442,40.3791],[45.6402,40.3811],[45.6382,40.3832],[45.6365,40.388],[45.6358,40.3959],[45.6345,40.3984],[45.6325,40.3998],[45.6284,40.4002],[45.6249,40.4014],[45.6229,40.4029],[45.6206,40.406],[45.6176,40.4081],[45.6151,40.4088],[45.6108,40.4093],[45.6079,40.411],[45.6035,40.4162],[45.5989,40.4239],[45.5951,40.4277],[45.5906,40.4301],[45.5853,40.4311],[45.5798,40.4311],[45.5743,40.4305],[45.5725,40.4297],[45.5718,40.4282],[45.5685,40.4278],[45.559,40.4292],[45.5513,40.4317],[45.5453,40.4355],[45.5407,40.4401],[45.5364,40.4432],[45.5334,40.4443],[45.5292,40.4447],[45.5267,40.4457],[45.5246,40.4476],[45.5213,40.4534],[45.5183,40.4566],[45.5158,40.4576],[45.5117,40.458],[45.5097,40.4591],[45.5084,40.4609],[45.5076,40.4668],[45.5063,40.4695],[45.5052,40.4706],[45.5021,40.4724],[45.496,40.4743],[45.4926,40.4761],[45.4898,40.4785],[45.4871,40.4831],[45.4845,40.486],[45.4827,40.4872],[45.478,40.4893],[45.4648,40.4922],[45.4619,40.4933],[45.4572,40.4964],[45.4539,40.5006],[45.4503,40.5105],[45.4482,40.5142],[45.4458,40.5167],[45.4417,40.5188],[45.4397,40.521],[45.438,40.5257],[45.4377,40.5319],[45.4369,40.5361],[45.4359,40.5375],[45.4334,40.5379],[45.4325,40.5384],[45.432,40.5402],[45.4328,40.5413],[45.4347,40.5424],[45.4454,40.546],[45.4487,40.5485],[45.4495,40.5505],[45.449,40.5541],[45.4481,40.5551],[45.4448,40.5559],[45.4426,40.5576],[45.4398,40.5614],[45.4393,40.5635],[45.4398,40.5642],[45.442,40.5646],[45.4444,40.566],[45.4493,40.5702],[45.4568,40.5779],[45.4586,40.5804],[45.459,40.5818],[45.4562,40.5827],[45.4541,40.5842],[45.4473,40.591],[45.4444,40.5933],[45.44,40.5952],[45.4347,40.5956],[45.4331,40.5961],[45.4322,40.5969],[45.432,40.5979],[45.4306,40.5988],[45.4251,40.5996],[45.4096,40.6],[45.4055,40.6005],[45.4033,40.6013],[45.4017,40.604],[45.395,40.6076],[45.3935,40.6101],[45.3932,40.6159],[45.3955,40.6274],[45.3949,40.6305],[45.3917,40.6317],[45.3889,40.6336],[45.3792,40.6428],[45.3752,40.6458],[45.37,40.6483],[45.3685,40.6486],[45.3657,40.6484],[45.3621,40.6472],[45.3602,40.6457],[45.3586,40.6436],[45.3561,40.642],[45.3543,40.6415],[45.3495,40.6412],[45.3433,40.6417],[45.3365,40.6428],[45.3314,40.6439],[45.3283,40.645],[45.3269,40.6461],[45.3258,40.6482],[45.3232,40.6502],[45.3112,40.6576],[45.3072,40.6606],[45.3039,40.6646],[45.3033,40.6687],[45.3026,40.6699],[45.3016,40.6706],[45.2995,40.6709],[45.2981,40.6716],[45.2966,40.6728],[45.2944,40.6757],[45.2919,40.6777],[45.2853,40.6802],[45.2695,40.6832],[45.264,40.6848],[45.2627,40.686],[45.2618,40.6878],[45.2599,40.6894],[45.2492,40.6956],[45.246,40.699],[45.2451,40.7012],[45.245,40.7033],[45.244,40.7052],[45.2424,40.7068],[45.2373,40.7093],[45.2353,40.7107],[45.2336,40.7134],[45.2332,40.7165],[45.2326,40.7174],[45.2307,40.7186],[45.2277,40.7193],[45.2187,40.7198],[45.2168,40.7205],[45.2154,40.7223],[45.2127,40.7227],[45.2044,40.7223],[45.1891,40.7207],[45.1826,40.7207],[45.1809,40.7214],[45.1807,40.7224],[45.1791,40.7234],[45.1731,40.7239],[45.1703,40.7245],[45.1694,40.7253],[45.169,40.7268],[45.1674,40.7279],[45.1614,40.7283],[45.1586,40.729],[45.1577,40.7297],[45.1576,40.7308],[45.1567,40.7317],[45.1534,40.7325],[45.1477,40.7327],[45.1441,40.7323],[45.1417,40.7313],[45.1403,40.7298],[45.14,40.7288]]}},{"type":"Feature","properties":{"kind":"marz","id":2},"geometry":{"type":"LineString","coordinates":[[44.9415,40.1665],[44.9413,40.1654],[44.9397,40.1644],[44.9337,40.1639],[44.9309,40.1632],[44.93,40.1625],[44.9296,40.1609],[44.928,40.1599],[44.922,40.1594],[44.9192,40.1588],[44.9183,40.158],[44.9179,40.1565],[44.9165,40.1557],[44.914,40.1552],[44.9064,40.1549],[44.9023,40.1543],[44.9009,40.1536],[44.9005,40.152],[44.8995,40.1513],[44.8979,40.1508],[44.8908,40.1501],[44.8895,40.1495],[44.8887,40.1476],[44.8873,40.1468],[44.8849,40.1463],[44.8742,40.1457],[44.8717,40.1446],[44.8713,40.1431],[44.8696,40.142],[44.8616,40.1412],[44.8603,40.1406],[44.8596,40.1386],[44.8587,40.1379],[44.857,40.1374],[44.8499,40.1367],[44.8486,40.1361],[44.8479,40.1342],[44.847,40.1334],[44.8453,40.1329],[44.8382,40.1323],[44.837,40.1317],[44.8359,40.1296],[44.8331,40.1281],[44.8249,40.1254],[44.8127,40.122],[44.8058,40.1194],[44.7981,40.1151],[44.7931,40.1102],[44.7911,40.1088],[44.7862,40.1065],[44.7803,40.1047],[44.7673,40.1023],[44.7632,40.1012],[44.761,40.1],[44.7603,40.0984],[44.7594,40.0977],[44.7578,40.0972],[44.7506,40.0966],[44.7494,40.0959],[44.7488,40.0945],[44.7447,40.0933],[44.7283,40.0917],[44.6996,40.09],[44.6749,40.0892],[44.6626,40.0896],[44.6612,40.09],[44.6611,40.091],[44.6603,40.0921],[44.6573,40.0927],[44.6563,40.0938],[44.6557,40.0957],[44.6553,40.1015],[44.6545,40.1047],[44.6535,40.1057],[44.6515,40.1061],[44.6505,40.1067],[44.6498,40.108],[44.649,40.1134],[44.6482,40.1144],[44.6456,40.115],[44.6446,40.1157],[44.644,40.1169],[44.6432,40.1224],[44.6423,40.1234],[44.6404,40.1238],[44.6392,40.1231],[44.6384,40.1217],[44.6377,40.1147],[44.6368,40.1121],[44.6351,40.11],[44.6299,40.1071],[44.6264,40.1035],[44.6245,40.1001],[44.6215,40.0922],[44.6193,40.0889],[44.6185,40.0883],[44.616,40.0876],[44.6127,40.0855],[44.5981,40.073],[44.5942,40.07],[44.59,40.0675],[44.5855,40.0654],[44.5808,40.0637],[44.5757,40.0625],[44.5649,40.0612],[44.5591,40.0612],[44.5493,40.0619],[44.5454,40.0625],[44.5394,40.0644],[44.5374,40.0656],[44.5361,40.0671],[44.5346,40.0702],[44.5324,40.0734],[44.531,40.0744],[44.5289,40.0748],[44.5278,40.0755],[44.5272,40.0767],[44.5268,40.0806],[44.526,40.0827],[44.525,40.0834],[44.5229,40.0837],[44.5215,40.0844],[44.52,40.0857],[44.5178,40.0886],[44.5144,40.0906],[44.5046,40.0931],[44.4795,40.0963],[44.4729,40.098],[44.4693,40.0998],[44.4685,40.1009],[44.4685,40.103],[44.4676,40.1051],[44.4666,40.1058],[44.4646,40.1061],[44.4633,40.1073],[44.4626,40.1119],[44.4618,40.114],[44.4608,40.1147],[44.4578,40.1153],[44.4569,40.1168],[44.4574,40.1186],[44.4582,40.1191],[44.4602,40.1193],[44.4608,40.1198],[44.4622,40.1242],[44.4626,40.1296],[44.4626,40.1403],[44.4622,40.1457],[44.4613,40.1491],[44.4602,40.1506],[44.4588,40.1506],[44.4574,40.1513],[44.4565,40.1536],[44.4547,40.1543],[44.4466,40.155],[44.439,40.1546],[44.4372,40.1542],[44.4346,40.1529],[44.4339,40.1521],[44.433,40.1489],[44.4302,40.1467],[44.422,40.1433],[44.4067,40.139],[44.4001,40.1365],[44.399,40.1358],[44.3977,40.1333],[44.3957,40.1317],[44.3886,40.1277],[44.3848,40.125],[44.3804,40.12],[44.3768,40.1117],[44.3757,40.1099],[44.3729,40.1069],[44.3695,40.1047],[44.3617,40.1023],[44.3592,40.1012],[44.3579,40.1],[44.3574,40.0984],[44.3565,40.0977],[44.3549,40.0972],[44.3498,40.0967],[44.3478,40.0953],[44.3461,40.0911],[44.3462,40.0833],[44.3473,40.0799],[44.3485,40.0791],[44.3504,40.0787],[44.3512,40.0777],[44.3519,40.073],[44.3529,40.0712],[44.3545,40.0695],[44.3596,40.067],[44.3623,40.0647],[44.3633,40.0628],[44.364,40.0582],[44.3648,40.0572],[44.3674,40.0566],[44.3684,40.0559],[44.369,40.0547],[44.3698,40.0492],[44.3707,40.0482],[44.3732,40.0477],[44.3742,40.047],[44.3748,40.0457],[44.3757,40.0403],[44.3765,40.0393],[44.3784,40.0389],[44.379,40.0383],[44.3804,40.0333],[44.381,40.0188],[44.3815,40.0149],[44.3826,40.0115],[44.3842,40.0087],[44.3864,40.0065],[44.3892,40.0048],[44.3925,40.0037],[44.3963,40.0031],[44.4048,40.0028],[44.4086,40.0023],[44.4154,40.0003],[44.4212,39.9972],[44.4302,39.9892],[44.4346,39.9862],[44.439,39.984],[44.4453,39.9821],[44.4483,39.9806],[44.4508,39.9779],[44.4514,39.9747],[44.4532,39.9732],[44.4587,39.9719],[44.4689,39.9716],[44.4733,39.9707],[44.4744,39.9698],[44.4752,39.968],[44.4771,39.9663],[44.4878,39.9601],[44.4911,39.9567],[44.4919,39.9545],[44.4921,39.9523],[44.4937,39.9496],[44.4957,39.9481],[44.4997,39.9462],[44.5025,39.9433],[44.5034,39.9406],[44.5038,39.9359],[44.5054,39.9328],[44.5074,39.9317],[44.5115,39.9314],[44.5151,39.9301],[44.517,39.9286],[44.5195,39.9255],[44.5218,39.924],[44.5268,39.9227],[44.5329,39.9223],[44.5345,39.9219],[44.537,39.9205],[44.5383,39.9181],[44.5388,39.9135],[44.5397,39.9108],[44.5424,39.9079],[44.5465,39.9058],[44.5476,39.9046],[44.5492,39.9016],[44.5501,39.8974],[44.5508,39.8857],[44.5522,39.8826],[44.5545,39.882],[44.5569,39.8806],[44.5681,39.8702],[44.5738,39.866],[44.5772,39.8646],[44.5816,39.8641],[44.584,39.8631],[44.5871,39.8599],[44.5908,39.853],[44.5923,39.8515],[44.595,39.8505],[44.5955,39.8467],[44.5935,39.8329],[44.5939,39.8305],[44.5948,39.8286],[44.5963,39.8272],[44.5983,39.8263],[44.6008,39.8259],[44.6107,39.8268],[44.6132,39.8268],[44.6167,39.8259],[44.6176,39.8251],[44.618,39.824],[44.6164,39.8182],[44.6165,39.8171],[44.6175,39.8156],[44.6196,39.815],[44.6237,39.8146],[44.626,39.8136],[44.6279,39.8121],[44.6303,39.809],[44.6333,39.8069],[44.6358,39.8062],[44.6401,39.8058],[44.643,39.8048],[44.6474,39.8016],[44.6518,39.797],[44.657,39.7938],[44.661,39.7928],[44.6688,39.7924],[44.6713,39.7919],[44.6726,39.7911],[44.6735,39.7888],[44.6743,39.7883],[44.6762,39.7881],[44.6782,39.7888],[44.6793,39.7917],[44.6826,39.794],[44.6853,39.7951],[44.688,39.7956],[44.6913,39.7947],[44.6937,39.792],[44.6943,39.7891],[44.6923,39.7868],[44.6884,39.7849],[44.6857,39.7826],[44.6846,39.7797],[44.6847,39.7776],[44.6855,39.7755],[44.6865,39.7748],[44.6895,39.7742],[44.6902,39.7736],[44.6908,39.7716],[44.6926,39.7708],[44.6959,39.7703],[44.7061,39.7699],[44.7083,39.7693],[44.7116,39.7673],[44.7134,39.7642],[44.7141,39.7564],[44.7147,39.7539],[44.7157,39.7525],[44.7177,39.752],[44.7187,39.7513],[44.7194,39.7501],[44.72,39.7461],[44.7207,39.7453],[44.7233,39.744],[44.7273,39.7433],[44.7328,39.7432],[44.7354,39.7428],[44.7378,39.7419],[44.7399,39.7407],[44.7417,39.739],[44.7445,39.7344],[44.7463,39.728],[44.7488,39.7226],[44.7506,39.7205],[44.7528,39.7188],[44.7554,39.7175],[44.7583,39.7167],[44.7616,39.7163],[44.7735,39.7167],[44.7776,39.7177],[44.7783,39.7193],[44.7808,39.7203],[44.7898,39.7208],[44.7939,39.7215],[44.7953,39.7222],[44.7958,39.7238],[44.7983,39.7248],[44.8073,39.7253],[44.8114,39.7259],[44.8128,39.7267],[44.8134,39.7283],[44.8152,39.729],[44.8185,39.7295],[44.8328,39.7302],[44.836,39.7312],[44.837,39.7327],[44.8419,39.7338],[44.8599,39.7343],[44.8682,39.7349],[44.8709,39.7357],[44.872,39.7377],[44.8733,39.7383],[44.8793,39.7389],[44.8813,39.7396],[44.8826,39.7408],[44.8833,39.7447],[44.8842,39.7463],[44.8859,39.7473],[44.8882,39.7477],[44.891,39.7476],[44.8937,39.747],[44.8946,39.7462],[44.8953,39.744],[44.8966,39.7429],[44.9037,39.7393],[44.9059,39.7368],[44.907,39.7318],[44.9092,39.7302],[44.9163,39.7293],[44.9176,39.7287],[44.9186,39.7267],[44.9227,39.7257],[44.9309,39.7252],[44.9428,39.7257],[44.9469,39.7267],[44.9477,39.7283],[44.951,39.73],[44.9631,39.7329],[44.9694,39.7352],[44.9723,39.7371],[44.9751,39.7403],[44.9784,39.7422],[44.986,39.7445],[44.9963,39.7465],[45.0017,39.7487],[45.0039,39.7501],[45.0072,39.7535],[45.0099,39.7598],[45.011,39.7614],[45.0138,39.764],[45.0172,39.7654],[45.0237,39.7661],[45.0285,39.7682],[45.0311,39.7699],[45.0365,39.7745],[45.0422,39.7808],[45.0478,39.7861],[45.053,39.7893],[45.0578,39.7907],[45.0601,39.7906],[45.0623,39.79],[45.0642,39.7903],[45.0659,39.7912],[45.0672,39.793],[45.0683,39.7955],[45.0697,39.8029],[45.0702,39.8224],[45.0713,39.8308],[45.0725,39.8329],[45.0739,39.8331],[45.0753,39.8343],[45.0759,39.839],[45.0767,39.8411],[45.0777,39.8418],[45.0797,39.842],[45.0811,39.8433],[45.0817,39.8479],[45.0826,39.85],[45.0836,39.8507],[45.0856,39.851],[45.0869,39.8523],[45.0876,39.8569],[45.0884,39.859],[45.0894,39.8597],[45.0908,39.8598],[45.092,39.8609],[45.0928,39.8633],[45.0932,39.8672],[45.0931,39.877],[45.092,39.8812],[45.0908,39.8822],[45.0889,39.8827],[45.088,39.8836],[45.0869,39.8898],[45.0861,39.8908],[45.0842,39.8912],[45.083,39.8931],[45.0819,39.9007],[45.0816,39.9183],[45.0807,39.9277],[45.0797,39.9309],[45.0791,39.9315],[45.0772,39.9319],[45.0764,39.9329],[45.0753,39.9391],[45.0744,39.94],[45.0725,39.9405],[45.0718,39.9412],[45.0703,39.9447],[45.0681,39.9552],[45.0659,39.9705],[45.0629,39.981],[45.0604,39.9845],[45.059,39.9852],[45.0563,39.9853],[45.0535,39.9859],[45.0526,39.9867],[45.0523,39.9883],[45.0514,39.9894],[45.0446,39.9929],[45.0419,39.9958],[45.041,39.9985],[45.0407,40.0032],[45.0399,40.0063],[45.0389,40.0074],[45.0368,40.0077],[45.0358,40.0084],[45.0352,40.0097],[45.0344,40.0151],[45.0336,40.0161],[45.0309,40.017],[45.0287,40.0207],[45.0251,40.0346],[45.0229,40.0408],[45.0214,40.0429],[45.0188,40.0438],[45.018,40.0448],[45.0173,40.0494],[45.0165,40.0515],[45.0155,40.0522],[45.0135,40.0524],[45.0121,40.0537],[45.0115,40.0583],[45.0107,40.0604],[45.0097,40.0611],[45.0077,40.0614],[45.0067,40.0625],[45.006,40.0644],[45.0056,40.0702],[45.0048,40.0734],[45.0038,40.0744],[45.0018,40.0748],[45.0008,40.0755],[45.0002,40.0767],[44.9994,40.0822],[44.9985,40.0832],[44.9966,40.0836],[44.9954,40.0853],[44.9946,40.0892],[44.9941,40.0992],[44.9942,40.1076],[44.995,40.116],[44.996,40.1187],[44.9981,40.1197],[45.0003,40.1235],[45.0039,40.1373],[45.0061,40.1436],[45.0076,40.1457],[45.0107,40.1465],[45.0116,40.148],[45.011,40.1499],[45.0102,40.1503],[45.0077,40.1508],[45.0067,40.1522],[45.006,40.1547],[45.0057,40.1606],[45.0047,40.1625],[45.0027,40.1642],[44.9997,40.1656],[44.9957,40.1667],[44.9847,40.1681],[44.9776,40.1684],[44.9566,40.1682],[44.9475,40.1677],[44.9425,40.1669],[44.9415,40.1665]]}},{"type":"Feature","properties":{"kind":"marz","id":10},"geometry":{"type":"LineString","coordinates":[[45.5028,39.9958],[45.5013,39.9925],[45.4979,39.987],[45.4959,39.9849],[45.4913,39.982],[45.4887,39.9812],[45.4803,39.9805],[45.4754,39.9795],[45.4712,39.9776],[45.4694,39.9763],[45.4646,39.9717],[45.4626,39.9703],[45.4577,39.9679],[45.4518,39.9661],[45.4388,39.9637],[45.4347,39.9626],[45.4324,39.9614],[45.4312,39.9594],[45.4293,39.9588],[45.4202,39.9583],[45.4161,39.9577],[45.4147,39.9569],[45.4145,39.9559],[45.412,39.9549],[45.4022,39.9541],[45.3792,39.9538],[45.3668,39.9532],[45.3627,39.9524],[45.3613,39.9509],[45.3581,39.9501],[45.3523,39.9496],[45.3274,39.949],[45.323,39.9484],[45.3217,39.948],[45.321,39.9475],[45.321,39.9469],[45.32,39.9464],[45.318,39.946],[45.306,39.9452],[45.2849,39.9449],[45.2669,39.9454],[45.2578,39.9464],[45.2568,39.9469],[45.2568,39.9475],[45.2557,39.9484],[45.2532,39.949],[45.2466,39.9494],[45.2389,39.9492],[45.2346,39.9484],[45.2335,39.9475],[45.2329,39.946],[45.2316,39.9454],[45.2255,39.9448],[45.2231,39.9441],[45.221,39.9428],[45.2173,39.9389],[45.2136,39.937],[45.2045,39.9347],[45.1923,39.9328],[45.1888,39.9319],[45.1833,39.9298],[45.1795,39.9272],[45.1747,39.9193],[45.1732,39.9183],[45.1708,39.9177],[45.168,39.916],[45.1534,39.903],[45.1484,39.8992],[45.1424,39.896],[45.1378,39.8954],[45.1344,39.894],[45.1286,39.8898],[45.1221,39.8836],[45.1147,39.8787],[45.1093,39.8766],[45.1035,39.8752],[45.0988,39.8737],[45.097,39.8727],[45.0944,39.8703],[45.0933,39.8674],[45.0932,39.8642],[45.0924,39.8611],[45.0914,39.86],[45.0894,39.8597],[45.0884,39.859],[45.0878,39.8577],[45.0869,39.8523],[45.0861,39.8513],[45.0836,39.8507],[45.0826,39.85],[45.0819,39.8488],[45.0811,39.8433],[45.0803,39.8423],[45.0777,39.8418],[45.0767,39.8411],[45.0761,39.8398],[45.0753,39.8343],[45.0744,39.8334],[45.0725,39.8329],[45.0713,39.8308],[45.0702,39.8224],[45.07,39.8077],[45.0705,39.7986],[45.0711,39.7951],[45.0727,39.7902],[45.0738,39.7888],[45.0751,39.7881],[45.078,39.7879],[45.0824,39.786],[45.0853,39.7837],[45.0897,39.779],[45.0941,39.7759],[45.097,39.7748],[45.1023,39.7744],[45.1039,39.7739],[45.1048,39.7731],[45.1053,39.7715],[45.1066,39.77],[45.1108,39.7673],[45.1168,39.764],[45.1198,39.7617],[45.1222,39.7584],[45.1227,39.7551],[45.1236,39.7532],[45.1264,39.7508],[45.1304,39.749],[45.1331,39.746],[45.134,39.7433],[45.1343,39.7386],[45.1351,39.7355],[45.1361,39.7344],[45.1382,39.7339],[45.1397,39.7321],[45.1411,39.729],[45.1443,39.7189],[45.1456,39.7164],[45.149,39.7118],[45.1534,39.7077],[45.1617,39.7025],[45.168,39.6974],[45.1708,39.6941],[45.1733,39.6892],[45.1753,39.6869],[45.1788,39.685],[45.1816,39.6848],[45.184,39.6842],[45.1857,39.6827],[45.1867,39.6789],[45.1866,39.6758],[45.1857,39.6734],[45.184,39.672],[45.1789,39.671],[45.1769,39.6696],[45.1756,39.6671],[45.1751,39.6635],[45.1753,39.6592],[45.1769,39.6543],[45.1789,39.6522],[45.1849,39.6491],[45.1862,39.648],[45.1867,39.6469],[45.1862,39.6451],[45.1854,39.6446],[45.1828,39.6441],[45.1818,39.6431],[45.1812,39.6412],[45.1804,39.633],[45.1795,39.6315],[45.1776,39.6309],[45.1764,39.6298],[45.1753,39.6256],[45.1751,39.6182],[45.1756,39.6119],[45.1764,39.6094],[45.1776,39.6084],[45.1789,39.6081],[45.1795,39.6067],[45.1793,39.6042],[45.177,39.5946],[45.1771,39.5932],[45.1781,39.5912],[45.1802,39.5904],[45.1829,39.5903],[45.1857,39.5897],[45.1866,39.5889],[45.1869,39.5874],[45.1886,39.5863],[45.1946,39.5858],[45.1973,39.5852],[45.1982,39.5844],[45.1987,39.5829],[45.2001,39.5821],[45.2042,39.5815],[45.2103,39.5816],[45.2138,39.5826],[45.2165,39.5845],[45.2221,39.5936],[45.2236,39.5947],[45.2257,39.595],[45.2267,39.5957],[45.2273,39.597],[45.2279,39.601],[45.2293,39.6029],[45.2334,39.6052],[45.2424,39.6081],[45.2443,39.6092],[45.2451,39.6109],[45.2461,39.6114],[45.2552,39.6125],[45.2813,39.6129],[45.2881,39.6124],[45.2938,39.6114],[45.2982,39.6099],[45.3015,39.608],[45.3036,39.6055],[45.3045,39.6025],[45.3043,39.5991],[45.301,39.5886],[45.3006,39.5859],[45.301,39.5818],[45.3017,39.5804],[45.3028,39.5794],[45.3055,39.5781],[45.3075,39.5763],[45.3092,39.5725],[45.3095,39.5678],[45.3103,39.5646],[45.3113,39.5636],[45.3138,39.5632],[45.3147,39.5627],[45.3152,39.5608],[45.316,39.5599],[45.3193,39.5591],[45.3286,39.5587],[45.3319,39.5578],[45.3327,39.5569],[45.3333,39.5552],[45.3346,39.5541],[45.3406,39.5512],[45.3426,39.5497],[45.3439,39.548],[45.3444,39.5448],[45.3451,39.5438],[45.3488,39.5423],[45.3597,39.541],[45.3802,39.5407],[45.3889,39.5398],[45.3911,39.5389],[45.3913,39.5378],[45.3929,39.5368],[45.3991,39.5362],[45.4026,39.535],[45.4045,39.5334],[45.4071,39.5303],[45.4099,39.5288],[45.4138,39.5278],[45.4244,39.5271],[45.4289,39.5261],[45.4307,39.5252],[45.4335,39.5229],[45.4367,39.517],[45.4382,39.5151],[45.4397,39.5141],[45.4418,39.5137],[45.4428,39.513],[45.4436,39.5109],[45.4439,39.5069],[45.445,39.5053],[45.4486,39.5044],[45.4492,39.5038],[45.4498,39.5019],[45.4511,39.5015],[45.4536,39.5016],[45.4614,39.5031],[45.4632,39.5031],[45.4663,39.5023],[45.4687,39.5003],[45.4718,39.4945],[45.4732,39.4926],[45.4747,39.4915],[45.4761,39.4913],[45.4778,39.4922],[45.4786,39.4943],[45.4789,39.4974],[45.4805,39.5002],[45.4825,39.5017],[45.4865,39.5035],[45.4893,39.5058],[45.4902,39.5077],[45.4906,39.5109],[45.4922,39.513],[45.4942,39.5137],[45.4982,39.5139],[45.501,39.5145],[45.5019,39.5153],[45.5022,39.5169],[45.5039,39.5179],[45.51,39.5185],[45.5125,39.5192],[45.5146,39.5205],[45.5178,39.5244],[45.5198,39.5259],[45.522,39.5269],[45.5261,39.5274],[45.5288,39.5282],[45.5321,39.5316],[45.5356,39.5395],[45.5371,39.5411],[45.5411,39.5437],[45.5466,39.5451],[45.5594,39.5458],[45.5617,39.5462],[45.5649,39.5475],[45.5663,39.5493],[45.5664,39.5514],[45.5672,39.5535],[45.5682,39.5542],[45.5703,39.5546],[45.5718,39.5556],[45.5774,39.5649],[45.5818,39.5683],[45.5878,39.5704],[45.5938,39.5713],[45.5952,39.5708],[45.5955,39.5698],[45.5969,39.5687],[45.6023,39.567],[45.6151,39.5649],[45.6201,39.5645],[45.6233,39.5646],[45.6247,39.5653],[45.6247,39.5659],[45.6258,39.567],[45.6283,39.5682],[45.6405,39.571],[45.6468,39.5734],[45.6496,39.5753],[45.6523,39.5785],[45.657,39.5812],[45.6614,39.5827],[45.6718,39.585],[45.6761,39.5867],[45.6789,39.5905],[45.6871,39.5954],[45.689,39.5972],[45.6906,39.5996],[45.692,39.6026],[45.6939,39.6106],[45.6947,39.621],[45.695,39.6373],[45.6961,39.6465],[45.6973,39.6489],[45.6988,39.6492],[45.7002,39.651],[45.7017,39.6541],[45.7061,39.6678],[45.7075,39.6703],[45.7082,39.671],[45.7097,39.6713],[45.7104,39.6721],[45.7119,39.676],[45.7148,39.693],[45.7161,39.7045],[45.7166,39.7161],[45.7161,39.72],[45.7155,39.7207],[45.7148,39.7207],[45.7134,39.7218],[45.7119,39.7243],[45.7082,39.7358],[45.7061,39.7411],[45.7046,39.7429],[45.7024,39.7434],[45.701,39.7445],[45.6995,39.7464],[45.6951,39.7546],[45.6937,39.756],[45.6915,39.7567],[45.6903,39.7577],[45.6895,39.7602],[45.689,39.764],[45.6889,39.7693],[45.6894,39.772],[45.6916,39.7769],[45.6957,39.7812],[45.6985,39.7832],[45.7086,39.7885],[45.7115,39.7905],[45.7141,39.7926],[45.7181,39.7972],[45.7207,39.8024],[45.7221,39.8076],[45.7243,39.8129],[45.7258,39.8146],[45.7279,39.8151],[45.7292,39.8164],[45.7299,39.821],[45.7307,39.8231],[45.7317,39.8238],[45.7337,39.8241],[45.7351,39.8254],[45.7357,39.83],[45.7365,39.8321],[45.7375,39.8328],[45.7395,39.8331],[45.7405,39.8342],[45.7412,39.8361],[45.7416,39.842],[45.7424,39.8451],[45.7434,39.8462],[45.7454,39.8465],[45.7464,39.8472],[45.7472,39.8493],[45.7475,39.8525],[45.7491,39.8552],[45.7511,39.8567],[45.7551,39.8585],[45.7579,39.8608],[45.7588,39.8627],[45.759,39.8649],[45.7595,39.8659],[45.7623,39.8678],[45.7672,39.8694],[45.7858,39.8724],[45.7924,39.8741],[45.794,39.8752],[45.7942,39.8764],[45.7958,39.878],[45.8019,39.8809],[45.8046,39.8832],[45.8057,39.8862],[45.8051,39.8893],[45.803,39.8918],[45.7978,39.8944],[45.7958,39.8962],[45.7946,39.8986],[45.794,39.9032],[45.7946,39.9062],[45.7958,39.9086],[45.7978,39.9104],[45.8019,39.9124],[45.803,39.9134],[45.8046,39.916],[45.8057,39.9214],[45.8056,39.9256],[45.8048,39.9298],[45.8038,39.9312],[45.8016,39.9317],[45.7986,39.9336],[45.7918,39.9405],[45.7889,39.9428],[45.7845,39.9447],[45.7792,39.9452],[45.7776,39.9456],[45.7759,39.9479],[45.7727,39.9483],[45.7669,39.9482],[45.749,39.9465],[45.7395,39.9461],[45.7363,39.9465],[45.7356,39.9469],[45.7351,39.9484],[45.7338,39.949],[45.7258,39.9498],[45.7241,39.9509],[45.7234,39.9532],[45.7226,39.9537],[45.7198,39.9541],[45.7179,39.9552],[45.7144,39.9583],[45.7101,39.9629],[45.7072,39.9652],[45.7028,39.9671],[45.6975,39.9675],[45.6958,39.968],[45.6949,39.9688],[45.6947,39.9698],[45.6931,39.9707],[45.6865,39.9716],[45.6652,39.9722],[45.6603,39.9733],[45.6591,39.9747],[45.6559,39.9752],[45.6501,39.975],[45.6322,39.9735],[45.6281,39.9735],[45.6218,39.9743],[45.6194,39.9752],[45.6176,39.9763],[45.6163,39.9777],[45.6138,39.9823],[45.6117,39.9847],[45.6093,39.9865],[45.6052,39.9884],[45.6031,39.9903],[45.6019,39.9926],[45.601,39.9986],[45.6002,39.9998],[45.5977,40.0012],[45.5958,40.0014],[45.5911,40.0012],[45.5832,39.9993],[45.5777,39.9968],[45.5736,39.9926],[45.5721,39.9918],[45.5681,39.9905],[45.5594,39.9897],[45.5522,39.99],[45.549,39.9905],[45.5429,39.9925],[45.5376,39.9956],[45.5287,40.0034],[45.5243,40.0059],[45.5199,40.0073],[45.5156,40.0076],[45.5115,40.0063],[45.5077,40.0034],[45.5043,39.9988],[45.5028,39.9958]]}},{"type":"Feature","properties":{"kind":"marz","id":8},"geometry":{"type":"LineString","coordinates":[[45.7973,39.8783],[45.7954,39.8762],[45.7937,39.8752],[45.7891,39.8734],[45.7826,39.872],[45.7672,39.8694],[45.7623,39.8678],[45.7595,39.8659],[45.7584,39.8617],[45.7572,39.86],[45.7551,39.8585],[45.751,39.8565],[45.7475,39.8523],[45.7456,39.8481],[45.7433,39.8403],[45.7411,39.835],[45.7396,39.8333],[45.7375,39.8328],[45.7365,39.8321],[45.7359,39.8308],[45.7351,39.8254],[45.7343,39.8244],[45.7317,39.8238],[45.7307,39.8231],[45.7301,39.8219],[45.7292,39.8164],[45.7279,39.8151],[45.7258,39.8146],[45.7243,39.8129],[45.7228,39.8097],[45.7207,39.8024],[45.7181,39.7972],[45.7163,39.7948],[45.7115,39.7905],[45.7086,39.7885],[45.6985,39.7832],[45.6957,39.7812],[45.6935,39.7791],[45.6903,39.7745],[45.6889,39.7693],[45.689,39.764],[45.6898,39.7588],[45.6908,39.757],[45.6934,39.7562],[45.6942,39.7553],[45.6949,39.7506],[45.6966,39.7478],[45.6986,39.7464],[45.7027,39.7443],[45.7062,39.7401],[45.7082,39.7359],[45.7119,39.7243],[45.7134,39.7218],[45.7141,39.7211],[45.7155,39.7207],[45.7167,39.7193],[45.7176,39.7158],[45.718,39.7104],[45.7178,39.6967],[45.7167,39.6908],[45.7155,39.6893],[45.7148,39.6893],[45.7141,39.6888],[45.7119,39.6844],[45.7082,39.6682],[45.7061,39.6608],[45.7046,39.6583],[45.702,39.6574],[45.7011,39.6564],[45.7,39.6503],[45.6992,39.6493],[45.6973,39.6489],[45.6967,39.6481],[45.6957,39.6446],[45.695,39.6383],[45.6947,39.6236],[45.6953,39.6144],[45.6966,39.6081],[45.6986,39.6046],[45.6999,39.6039],[45.7026,39.6038],[45.7053,39.6032],[45.7062,39.6024],[45.7064,39.6013],[45.7075,39.6006],[45.7119,39.6006],[45.7222,39.6022],[45.7267,39.6019],[45.7301,39.6005],[45.7323,39.598],[45.734,39.5949],[45.7351,39.5938],[45.7378,39.5923],[45.7413,39.5921],[45.7493,39.5934],[45.7524,39.5931],[45.7548,39.5919],[45.7574,39.5888],[45.7603,39.5873],[45.7665,39.586],[45.7747,39.5857],[45.7769,39.5852],[45.7801,39.5838],[45.782,39.5815],[45.7826,39.5755],[45.7832,39.5736],[45.7842,39.5726],[45.7868,39.5722],[45.7876,39.5717],[45.7883,39.5694],[45.7891,39.5683],[45.7907,39.5679],[45.7926,39.5681],[45.7937,39.5689],[45.7942,39.5708],[45.7958,39.5713],[45.8006,39.5698],[45.8019,39.5691],[45.8039,39.5669],[45.8055,39.562],[45.8058,39.5558],[45.8066,39.5516],[45.8076,39.5502],[45.8097,39.5495],[45.8112,39.5478],[45.8126,39.5446],[45.817,39.5309],[45.8185,39.5284],[45.8192,39.5277],[45.8207,39.5274],[45.8212,39.5267],[45.8217,39.5231],[45.8216,39.5168],[45.8196,39.4969],[45.8205,39.4881],[45.8216,39.4844],[45.8231,39.4812],[45.8251,39.4786],[45.8276,39.4764],[45.8352,39.4713],[45.8385,39.4679],[45.8404,39.4646],[45.8407,39.4612],[45.8399,39.458],[45.838,39.4551],[45.835,39.4525],[45.8289,39.4489],[45.8239,39.4443],[45.8216,39.4405],[45.8191,39.4341],[45.8172,39.431],[45.8161,39.4299],[45.8136,39.4285],[45.8108,39.4282],[45.8094,39.4277],[45.8082,39.4267],[45.8059,39.4233],[45.804,39.4178],[45.8002,39.4016],[45.798,39.3971],[45.7959,39.3962],[45.7954,39.3954],[45.7946,39.3924],[45.794,39.3848],[45.7943,39.3784],[45.7957,39.3734],[45.7981,39.3698],[45.8017,39.3676],[45.8058,39.3664],[45.8099,39.3647],[45.8113,39.3636],[45.8115,39.3625],[45.8143,39.3614],[45.8252,39.3597],[45.8565,39.3566],[45.8613,39.3559],[45.8685,39.3541],[45.8725,39.3521],[45.8741,39.3499],[45.8779,39.3471],[45.8814,39.3456],[45.8876,39.3437],[45.8911,39.3419],[45.8949,39.3381],[45.8966,39.3348],[45.8986,39.3321],[45.9013,39.3302],[45.9048,39.3291],[45.9125,39.3287],[45.9158,39.3278],[45.9166,39.3269],[45.9169,39.3258],[45.9183,39.3247],[45.9207,39.3235],[45.9287,39.3211],[45.9352,39.3175],[45.9396,39.314],[45.9465,39.3077],[45.9522,39.3042],[45.9555,39.3028],[45.9629,39.3006],[45.9785,39.2981],[45.9851,39.2964],[45.9862,39.2959],[45.987,39.2942],[45.9883,39.293],[45.9908,39.2919],[45.9966,39.2902],[45.9985,39.2892],[46.0015,39.2856],[46.0034,39.28],[46.0042,39.2724],[46.0039,39.2639],[46.0026,39.2573],[46.0015,39.2548],[45.9985,39.2512],[45.9966,39.2501],[45.9908,39.248],[45.9883,39.2459],[45.987,39.2432],[45.9867,39.2399],[45.9876,39.2353],[45.9886,39.2342],[45.9905,39.2336],[45.9911,39.2319],[45.9909,39.2287],[45.9887,39.2188],[45.9882,39.2135],[45.9887,39.2117],[45.9906,39.2111],[45.992,39.2085],[45.9931,39.1961],[45.9945,39.1936],[45.9966,39.1929],[45.998,39.1912],[45.9995,39.188],[46.0039,39.1742],[46.0053,39.1717],[46.006,39.171],[46.008,39.1703],[46.0084,39.1696],[46.0084,39.1653],[46.0065,39.1553],[46.0073,39.1507],[46.0084,39.1487],[46.012,39.1454],[46.0174,39.1429],[46.0198,39.1414],[46.0218,39.1394],[46.0234,39.137],[46.0245,39.1341],[46.0253,39.1272],[46.0238,39.1145],[46.0237,39.108],[46.0241,39.1054],[46.0257,39.1018],[46.0268,39.1007],[46.0307,39.0988],[46.0323,39.0972],[46.0332,39.0953],[46.0336,39.0921],[46.0352,39.09],[46.0372,39.0893],[46.0413,39.089],[46.0438,39.0883],[46.0468,39.0861],[46.0493,39.083],[46.0531,39.0809],[46.0566,39.0802],[46.0627,39.0798],[46.0643,39.0794],[46.0668,39.0779],[46.0682,39.0756],[46.0687,39.0696],[46.0694,39.0677],[46.0704,39.0667],[46.0717,39.0665],[46.0724,39.0659],[46.0734,39.0631],[46.074,39.058],[46.0747,39.0419],[46.077,39.0346],[46.0788,39.0315],[46.0811,39.0287],[46.0839,39.0263],[46.0871,39.0242],[46.0964,39.0193],[46.0984,39.0178],[46.1007,39.0151],[46.1009,39.0126],[46.0996,39.0105],[46.0991,39.0083],[46.0996,39.0076],[46.1016,39.0071],[46.1026,39.0054],[46.1032,39.0022],[46.104,38.9883],[46.1048,38.9859],[46.1054,38.9852],[46.1074,38.9844],[46.1084,38.9822],[46.1092,38.9759],[46.1096,38.9639],[46.1107,38.9588],[46.1119,38.9576],[46.1132,38.9574],[46.1142,38.9567],[46.1149,38.9554],[46.1157,38.9499],[46.1165,38.9489],[46.1191,38.9483],[46.1201,38.9476],[46.1207,38.9464],[46.1215,38.9408],[46.1224,38.9398],[46.1249,38.939],[46.1259,38.9373],[46.1267,38.9319],[46.1271,38.922],[46.1282,38.9178],[46.1294,38.9167],[46.1308,38.9166],[46.1321,38.916],[46.1329,38.9136],[46.1345,38.9119],[46.1405,38.909],[46.1425,38.9075],[46.1442,38.9047],[46.1449,38.8999],[46.1457,38.8989],[46.1483,38.8982],[46.1496,38.895],[46.1502,38.8886],[46.1496,38.8793],[46.1483,38.8761],[46.1464,38.8754],[46.1458,38.8732],[46.146,38.8694],[46.1482,38.8575],[46.1487,38.8511],[46.1482,38.8489],[46.1457,38.8481],[46.1449,38.8471],[46.1444,38.8434],[46.1451,38.8424],[46.1487,38.8408],[46.1597,38.8396],[46.1706,38.8394],[46.1801,38.8398],[46.1838,38.8403],[46.1889,38.8415],[46.1903,38.8424],[46.1911,38.8434],[46.1912,38.8455],[46.192,38.8477],[46.193,38.8484],[46.196,38.8489],[46.1977,38.852],[46.201,38.8528],[46.2088,38.8533],[46.2122,38.8543],[46.215,38.8563],[46.2188,38.8623],[46.2221,38.865],[46.2268,38.8671],[46.233,38.8687],[46.2399,38.8699],[46.2467,38.8722],[46.249,38.8742],[46.2496,38.8774],[46.2506,38.8789],[46.2522,38.8799],[46.2574,38.8805],[46.2599,38.8816],[46.2629,38.8848],[46.2662,38.8908],[46.2694,38.8933],[46.2721,38.894],[46.2768,38.8944],[46.2781,38.895],[46.2788,38.897],[46.2797,38.8978],[46.2814,38.8983],[46.2885,38.8989],[46.2898,38.8996],[46.2909,38.9016],[46.292,38.902],[46.2985,38.9028],[46.3141,38.9033],[46.3177,38.9037],[46.3239,38.9052],[46.3286,38.9075],[46.3337,38.9122],[46.3357,38.9135],[46.3405,38.9154],[46.3464,38.9165],[46.3567,38.9165],[46.3644,38.9153],[46.3677,38.9137],[46.3706,38.9105],[46.3739,38.9086],[46.3816,38.9063],[46.392,38.9043],[46.3984,38.9021],[46.4013,38.9006],[46.4066,38.8972],[46.4166,38.8877],[46.4193,38.8857],[46.4213,38.8849],[46.4228,38.885],[46.425,38.8863],[46.4287,38.891],[46.4317,38.8931],[46.4342,38.8938],[46.4403,38.8944],[46.442,38.8955],[46.4424,38.897],[46.4449,38.8981],[46.4498,38.8985],[46.454,38.8984],[46.4575,38.8977],[46.4602,38.8964],[46.4639,38.8924],[46.4662,38.8908],[46.4712,38.8896],[46.4773,38.8894],[46.4814,38.8887],[46.4827,38.8879],[46.4836,38.8856],[46.4849,38.885],[46.4869,38.885],[46.4879,38.8853],[46.4886,38.8859],[46.4894,38.8884],[46.4907,38.889],[46.4927,38.8894],[46.4967,38.8894],[46.4987,38.889],[46.5,38.8884],[46.5009,38.8864],[46.5027,38.886],[46.506,38.8862],[46.5162,38.8877],[46.5202,38.8874],[46.5217,38.8869],[46.5235,38.8849],[46.5244,38.8788],[46.5266,38.8754],[46.5305,38.8732],[46.5317,38.8734],[46.5328,38.8744],[46.5345,38.8788],[46.5356,38.8911],[46.5353,38.906],[46.5342,38.9146],[46.533,38.9167],[46.5316,38.9168],[46.5303,38.9181],[46.5295,38.9229],[46.5281,38.9252],[46.524,38.9286],[46.5179,38.9322],[46.516,38.9338],[46.5129,38.9376],[46.5097,38.9448],[46.5089,38.9476],[46.5086,38.9527],[46.5089,38.9549],[46.5108,38.9586],[46.5122,38.9602],[46.5181,38.9641],[46.5206,38.9678],[46.5213,38.97],[46.5217,38.9754],[46.5204,38.985],[46.5208,38.9877],[46.5217,38.9901],[46.5232,38.992],[46.5252,38.9937],[46.5277,38.9949],[46.5308,38.9959],[46.5377,38.9971],[46.5427,38.9986],[46.5445,38.9994],[46.5468,39.0013],[46.5472,39.0035],[46.5467,39.0061],[46.5459,39.0071],[46.5433,39.0079],[46.542,39.0117],[46.5413,39.0258],[46.5405,39.0322],[46.5395,39.0343],[46.5361,39.0354],[46.5356,39.0373],[46.5364,39.0386],[46.5383,39.0402],[46.5473,39.0456],[46.5503,39.0482],[46.5523,39.0511],[46.5531,39.056],[46.5525,39.0575],[46.5514,39.0587],[46.5476,39.0606],[46.5416,39.0617],[46.5263,39.0623],[46.5213,39.0633],[46.5186,39.0649],[46.5181,39.067],[46.5197,39.07],[46.5238,39.0723],[46.5298,39.0743],[46.5315,39.0753],[46.5339,39.0779],[46.5353,39.0814],[46.5353,39.0878],[46.5339,39.0912],[46.5315,39.0939],[46.5279,39.0956],[46.5238,39.0968],[46.5197,39.0985],[46.5183,39.0996],[46.5179,39.1012],[46.517,39.102],[46.5153,39.1025],[46.5115,39.1027],[46.5091,39.1038],[46.5082,39.1048],[46.5069,39.108],[46.5062,39.1179],[46.5045,39.1232],[46.5025,39.125],[46.4974,39.1258],[46.4958,39.1268],[46.4949,39.1283],[46.4945,39.1315],[46.4929,39.1336],[46.4909,39.1343],[46.4848,39.1348],[46.4832,39.1359],[46.4832,39.1375],[46.4841,39.1382],[46.4858,39.1387],[46.4909,39.1392],[46.4929,39.1402],[46.4945,39.1434],[46.4947,39.1466],[46.4941,39.148],[46.4931,39.1491],[46.4914,39.15],[46.4865,39.1508],[46.4832,39.1508],[46.4679,39.1495],[46.4629,39.1498],[46.4602,39.1511],[46.4597,39.152],[46.4594,39.1541],[46.4588,39.1549],[46.4569,39.1562],[46.4539,39.1569],[46.4463,39.1573],[46.443,39.1581],[46.4421,39.159],[46.4416,39.1609],[46.4408,39.1614],[46.4383,39.1617],[46.4378,39.1624],[46.4379,39.1637],[46.4401,39.1677],[46.4407,39.1698],[46.4401,39.1705],[46.4382,39.1709],[46.4369,39.1728],[46.4362,39.1798],[46.4354,39.183],[46.4344,39.184],[46.4318,39.1844],[46.431,39.1849],[46.4306,39.1857],[46.4306,39.1873],[46.4314,39.1883],[46.4346,39.189],[46.4365,39.19],[46.44,39.1932],[46.4443,39.1979],[46.4473,39.2002],[46.4516,39.2021],[46.4558,39.2023],[46.4586,39.2016],[46.4595,39.2008],[46.4602,39.1992],[46.4629,39.1981],[46.4712,39.1964],[46.4832,39.1946],[46.4914,39.1923],[46.4941,39.1904],[46.4952,39.1861],[46.4965,39.1844],[46.4998,39.1822],[46.5025,39.1815],[46.5034,39.1818],[46.5044,39.1837],[46.5043,39.1872],[46.5027,39.195],[46.5027,39.1974],[46.5038,39.2016],[46.5049,39.2034],[46.5082,39.2063],[46.5123,39.2082],[46.5153,39.2087],[46.5164,39.2084],[46.5178,39.2068],[46.5182,39.2023],[46.5199,39.1991],[46.5219,39.198],[46.527,39.1974],[46.5286,39.1964],[46.5295,39.1948],[46.5303,39.1902],[46.5311,39.1892],[46.5337,39.1883],[46.5342,39.1875],[46.5353,39.1824],[46.5361,39.1658],[46.5375,39.162],[46.5381,39.1616],[46.5395,39.1617],[46.5411,39.1627],[46.542,39.1654],[46.5428,39.1659],[46.5453,39.1663],[46.5463,39.1674],[46.547,39.1693],[46.5476,39.1754],[46.5494,39.1784],[46.5527,39.1812],[46.5629,39.186],[46.5651,39.1873],[46.5684,39.19],[46.5702,39.1931],[46.5709,39.1979],[46.5722,39.2002],[46.5733,39.2011],[46.5764,39.2021],[46.584,39.2025],[46.5865,39.203],[46.5878,39.2038],[46.5881,39.2049],[46.587,39.2061],[46.5843,39.2068],[46.5803,39.207],[46.5775,39.2083],[46.5766,39.2098],[46.5764,39.2119],[46.5781,39.214],[46.5797,39.2149],[46.5847,39.2165],[46.6033,39.2196],[46.6098,39.2213],[46.6115,39.2224],[46.6117,39.2235],[46.6126,39.2242],[46.6153,39.2249],[46.6194,39.2251],[46.623,39.2264],[46.6257,39.2289],[46.6264,39.23],[46.6268,39.2319],[46.6264,39.2326],[46.6246,39.2336],[46.6156,39.2342],[46.6131,39.2347],[46.6118,39.2355],[46.6109,39.2378],[46.6089,39.2385],[46.6066,39.2381],[46.6059,39.2375],[46.6054,39.2355],[46.6029,39.2344],[46.5958,39.234],[46.5909,39.2348],[46.5898,39.2354],[46.5884,39.237],[46.5879,39.2401],[46.5863,39.2429],[46.5843,39.2444],[46.5803,39.2462],[46.5775,39.2486],[46.5766,39.2505],[46.5764,39.2526],[46.5753,39.2545],[46.5743,39.2552],[46.571,39.2562],[46.5586,39.2568],[46.5542,39.2577],[46.5535,39.2581],[46.5525,39.2603],[46.5513,39.2614],[46.5465,39.2637],[46.5439,39.2654],[46.5406,39.2697],[46.5373,39.2779],[46.5354,39.2813],[46.5318,39.2849],[46.5266,39.2878],[46.525,39.2899],[46.5241,39.2926],[46.5241,39.2974],[46.5257,39.3005],[46.5277,39.3016],[46.5305,39.3018],[46.5328,39.3024],[46.5337,39.3031],[46.535,39.305],[46.5356,39.3094],[46.5345,39.3128],[46.5334,39.3145],[46.5301,39.3179],[46.5198,39.3247],[46.5135,39.3298],[46.5107,39.3331],[46.508,39.338],[46.5056,39.3403],[46.5042,39.3412],[46.5007,39.3422],[46.4965,39.3425],[46.4927,39.342],[46.4883,39.3403],[46.4847,39.3364],[46.4808,39.3343],[46.4754,39.3334],[46.4712,39.3335],[46.4671,39.3341],[46.4658,39.3349],[46.4653,39.3365],[46.4644,39.3372],[46.4628,39.3377],[46.4575,39.3382],[46.4531,39.3401],[46.4502,39.3424],[46.4458,39.347],[46.4414,39.3502],[46.4385,39.3513],[46.4342,39.3516],[46.4317,39.3523],[46.4296,39.3536],[46.4263,39.3576],[46.4239,39.3595],[46.419,39.3619],[46.4129,39.3638],[46.4098,39.3656],[46.4088,39.3667],[46.4074,39.3694],[46.4068,39.3754],[46.4057,39.3779],[46.4046,39.3786],[46.4031,39.3788],[46.4009,39.3807],[46.3972,39.3877],[46.3942,39.3915],[46.3917,39.3934],[46.3856,39.3963],[46.3839,39.398],[46.3838,39.3992],[46.3843,39.4004],[46.3851,39.4009],[46.387,39.4011],[46.3876,39.4018],[46.3881,39.4049],[46.3876,39.4145],[46.3859,39.4284],[46.3858,39.4354],[46.3861,39.4379],[46.3877,39.4411],[46.3889,39.4417],[46.3915,39.4419],[46.3931,39.443],[46.3935,39.4449],[46.3921,39.4493],[46.3923,39.4521],[46.3932,39.4531],[46.3967,39.4546],[46.4024,39.4553],[46.4142,39.4557],[46.4174,39.4563],[46.4183,39.4567],[46.4188,39.4578],[46.4204,39.4581],[46.427,39.4564],[46.4456,39.4496],[46.4505,39.4482],[46.4533,39.4479],[46.4538,39.4482],[46.4538,39.4488],[46.4552,39.4505],[46.4584,39.4531],[46.4734,39.4631],[46.4785,39.4672],[46.4803,39.4692],[46.4826,39.4729],[46.4834,39.4779],[46.4841,39.4791],[46.4852,39.4802],[46.4885,39.4817],[46.4907,39.4821],[46.4962,39.4823],[46.5042,39.4816],[46.506,39.4808],[46.5066,39.4793],[46.5082,39.4782],[46.5142,39.4777],[46.517,39.4771],[46.5179,39.4763],[46.5189,39.4741],[46.5222,39.4724],[46.5279,39.4708],[46.5298,39.4705],[46.5328,39.4712],[46.5347,39.4732],[46.5356,39.4767],[46.5354,39.4809],[46.5337,39.4851],[46.5317,39.4865],[46.5266,39.487],[46.525,39.4875],[46.5241,39.4883],[46.5237,39.4899],[46.5228,39.491],[46.5201,39.4927],[46.516,39.4945],[46.514,39.496],[46.5124,39.4987],[46.5121,39.5019],[46.5113,39.504],[46.5103,39.5047],[46.5075,39.5055],[46.5045,39.5093],[46.5022,39.5152],[46.5022,39.5177],[46.5025,39.5181],[46.5045,39.5185],[46.506,39.5192],[46.5108,39.5245],[46.514,39.5264],[46.5217,39.5287],[46.5319,39.5306],[46.5348,39.5314],[46.5396,39.5335],[46.5429,39.5362],[46.5467,39.5422],[46.548,39.5433],[46.5511,39.5447],[46.5549,39.5454],[46.562,39.5449],[46.5639,39.5443],[46.5656,39.5417],[46.5689,39.54],[46.5746,39.5383],[46.5765,39.5381],[46.5795,39.5388],[46.5815,39.5408],[46.5823,39.5442],[46.5821,39.5485],[46.5805,39.5534],[46.5785,39.5556],[46.5743,39.5576],[46.5719,39.5594],[46.5698,39.5618],[46.5663,39.5679],[46.5635,39.5703],[46.5617,39.5711],[46.5572,39.5722],[46.5469,39.5726],[46.5436,39.5731],[46.5418,39.5739],[46.5412,39.5754],[46.5403,39.5762],[46.5376,39.5768],[46.5335,39.577],[46.531,39.5777],[46.5289,39.579],[46.5264,39.5819],[46.5251,39.5829],[46.5231,39.5838],[46.5171,39.585],[46.5035,39.5859],[46.4924,39.5857],[46.4839,39.585],[46.478,39.5838],[46.4746,39.5819],[46.4727,39.5798],[46.4711,39.579],[46.4664,39.5777],[46.4599,39.577],[46.4418,39.5765],[46.4369,39.5754],[46.4358,39.5734],[46.4336,39.5726],[46.4285,39.5725],[46.4257,39.5731],[46.4248,39.5739],[46.4244,39.5755],[46.4235,39.5766],[46.4169,39.5801],[46.416,39.581],[46.415,39.5831],[46.4155,39.5873],[46.4184,39.5928],[46.4206,39.5947],[46.4237,39.5953],[46.4246,39.5968],[46.4241,39.5987],[46.4207,39.5997],[46.4197,39.6015],[46.4191,39.6047],[46.4182,39.6168],[46.4161,39.6219],[46.4137,39.6238],[46.4109,39.6248],[46.4084,39.6248],[46.4054,39.6233],[46.4038,39.6213],[46.4015,39.6195],[46.3982,39.6182],[46.3911,39.6174],[46.3881,39.6174],[46.3834,39.6182],[46.3816,39.6191],[46.379,39.6216],[46.3779,39.6252],[46.3774,39.6311],[46.3761,39.6337],[46.3741,39.6351],[46.369,39.6356],[46.3673,39.6361],[46.3664,39.6368],[46.3657,39.6392],[46.3637,39.6399],[46.3613,39.6394],[46.3607,39.6388],[46.3604,39.6373],[46.3597,39.6368],[46.356,39.6356],[46.3451,39.634],[46.3289,39.6322],[46.3172,39.6299],[46.3125,39.628],[46.3111,39.6269],[46.3095,39.6248],[46.3057,39.6227],[46.3022,39.622],[46.2961,39.6217],[46.292,39.6205],[46.2906,39.6189],[46.2899,39.6158],[46.289,39.6148],[46.2858,39.613],[46.2807,39.6115],[46.2707,39.6098],[46.2639,39.6081],[46.2616,39.607],[46.261,39.6054],[46.2593,39.6043],[46.2533,39.6038],[46.2506,39.6032],[46.2496,39.6024],[46.2489,39.6004],[46.2467,39.5996],[46.2405,39.5996],[46.2383,39.6004],[46.2378,39.6019],[46.2371,39.6024],[46.2339,39.6032],[46.2282,39.6037],[46.2103,39.6037],[46.2007,39.6025],[46.1975,39.6009],[46.1969,39.5999],[46.1968,39.5978],[46.196,39.5957],[46.195,39.595],[46.1929,39.5947],[46.1914,39.5936],[46.19,39.5917],[46.1856,39.5835],[46.1841,39.582],[46.1819,39.5814],[46.1808,39.5822],[46.1799,39.5842],[46.1793,39.5935],[46.1785,39.5977],[46.1775,39.5991],[46.1755,39.5997],[46.1741,39.6022],[46.1735,39.6115],[46.1726,39.6157],[46.1716,39.6171],[46.1696,39.6177],[46.1686,39.6195],[46.1678,39.6248],[46.1675,39.6326],[46.1666,39.6368],[46.1659,39.6385],[46.1639,39.641],[46.1588,39.6437],[46.1571,39.6453],[46.1562,39.6472],[46.156,39.6494],[46.1547,39.6515],[46.1533,39.6524],[46.1492,39.654],[46.1364,39.6565],[46.1296,39.6588],[46.1273,39.6607],[46.1267,39.6639],[46.1257,39.6654],[46.123,39.6667],[46.1188,39.6671],[46.1159,39.6685],[46.113,39.671],[46.1068,39.6788],[46.102,39.6816],[46.0991,39.6824],[46.0922,39.6831],[46.0799,39.6819],[46.0717,39.6821],[46.069,39.6833],[46.0679,39.6872],[46.0666,39.6885],[46.0646,39.6892],[46.0595,39.6895],[46.0573,39.6904],[46.0568,39.6918],[46.0579,39.6931],[46.0595,39.6936],[46.0646,39.694],[46.0657,39.6944],[46.0674,39.6959],[46.0683,39.6982],[46.0684,39.7014],[46.0682,39.7041],[46.0671,39.7066],[46.0632,39.7081],[46.0604,39.7101],[46.0507,39.7193],[46.0467,39.7224],[46.0432,39.7244],[46.0415,39.725],[46.0372,39.7255],[46.0361,39.7261],[46.0352,39.7269],[46.034,39.7295],[46.033,39.7374],[46.0307,39.7412],[46.0266,39.7445],[46.0206,39.7471],[46.0138,39.7494],[46.0111,39.7507],[46.007,39.7534],[46.0047,39.7565],[46.0039,39.7614],[46.0015,39.7658],[45.9985,39.7684],[45.9924,39.7719],[45.9889,39.7745],[45.9851,39.7789],[45.9817,39.7849],[45.9796,39.7868],[45.9771,39.7879],[45.971,39.7885],[45.9697,39.7891],[45.9686,39.791],[45.9659,39.7914],[45.9577,39.791],[45.9424,39.7893],[45.9374,39.7892],[45.9347,39.7896],[45.9336,39.7912],[45.9287,39.7936],[45.9105,39.7987],[45.9015,39.8021],[45.8977,39.8043],[45.8938,39.8084],[45.8911,39.8097],[45.8876,39.8104],[45.8799,39.8107],[45.8766,39.8116],[45.8758,39.8125],[45.8755,39.8136],[45.8741,39.8147],[45.8717,39.8158],[45.861,39.8192],[45.8591,39.8203],[45.8582,39.822],[45.8569,39.8229],[45.8514,39.8238],[45.8386,39.8242],[45.8359,39.8246],[45.8318,39.8261],[45.8295,39.8284],[45.8288,39.8343],[45.8281,39.8362],[45.8271,39.8372],[45.8251,39.8376],[45.8238,39.8395],[45.8231,39.8465],[45.8223,39.8496],[45.8213,39.8507],[45.8193,39.8511],[45.8179,39.853],[45.8173,39.8599],[45.8165,39.8631],[45.8155,39.8641],[45.8134,39.8646],[45.8124,39.866],[45.8116,39.8702],[45.8113,39.8764],[45.8104,39.8794],[45.8088,39.8814],[45.8077,39.882],[45.805,39.8822],[45.8011,39.8814],[45.7981,39.8793],[45.7973,39.8783]]}},{"type":"Feature","properties":{"kind":"country"},"geometry":{"type":"LineString","coordinates":[[44.8189,41.2991],[44.8187,41.298],[44.8178,41.2969],[44.811,41.2932],[44.809,41.2901],[44.8074,41.2822],[44.8071,41.2716],[44.8063,41.2644],[44.8053,41.262],[44.8047,41.2615],[44.8034,41.2613],[44.8028,41.2603],[44.8039,41.2558],[44.8068,41.2504],[44.8083,41.249],[44.8111,41.2482],[44.8125,41.247],[44.8131,41.2425],[44.814,41.2404],[44.815,41.2397],[44.8171,41.2394],[44.8185,41.2388],[44.8233,41.2337],[44.8266,41.2322],[44.8342,41.2309],[44.8445,41.2306],[44.8476,41.2302],[44.853,41.2287],[44.8573,41.2265],[44.8622,41.222],[44.8665,41.2201],[44.8691,41.2195],[44.875,41.2193],[44.8852,41.2204],[44.888,41.2204],[44.8921,41.2195],[44.8934,41.2187],[44.8948,41.2163],[44.8942,41.2109],[44.8929,41.209],[44.8899,41.2084],[44.8892,41.2078],[44.889,41.2064],[44.887,41.2057],[44.8826,41.2055],[44.8711,41.2064],[44.8615,41.2075],[44.8545,41.209],[44.85,41.2107],[44.8481,41.2127],[44.8481,41.2138],[44.8475,41.2147],[44.8448,41.2158],[44.8366,41.216],[44.8244,41.2149],[44.8207,41.2149],[44.8145,41.2157],[44.8098,41.2176],[44.8026,41.2244],[44.8006,41.2258],[44.7988,41.2264],[44.7964,41.226],[44.7958,41.2254],[44.7955,41.2239],[44.7948,41.2235],[44.7912,41.2227],[44.7802,41.2221],[44.7598,41.2218],[44.751,41.221],[44.7488,41.2201],[44.7485,41.2189],[44.7466,41.2171],[44.7386,41.2119],[44.7331,41.2091],[44.7309,41.2086],[44.7291,41.2086],[44.7277,41.2091],[44.7266,41.2102],[44.7258,41.2119],[44.7252,41.2191],[44.7246,41.2211],[44.7238,41.2226],[44.7227,41.2237],[44.7214,41.2244],[44.7178,41.2245],[44.7121,41.2228],[44.7088,41.2212],[44.7071,41.2187],[44.7052,41.218],[44.7022,41.2177],[44.6962,41.2177],[44.6932,41.218],[44.6913,41.2187],[44.6904,41.2195],[44.6899,41.2213],[44.6891,41.2218],[44.6871,41.222],[44.686,41.2228],[44.6849,41.2261],[44.6842,41.2338],[44.6824,41.2368],[44.6791,41.2388],[44.6744,41.2396],[44.6667,41.2394],[44.6623,41.2386],[44.6605,41.2367],[44.6569,41.2363],[44.6503,41.2364],[44.635,41.2377],[44.6296,41.2375],[44.6246,41.2365],[44.6202,41.2348],[44.6162,41.2323],[44.6126,41.2291],[44.6095,41.2251],[44.6069,41.2204],[44.6026,41.2101],[44.5986,41.2025],[44.5951,41.1977],[44.5934,41.1963],[44.5919,41.1957],[44.5892,41.1959],[44.5881,41.1963],[44.5864,41.1977],[44.5855,41.2],[44.5853,41.2031],[44.584,41.2055],[44.5826,41.2064],[44.5785,41.2072],[44.5757,41.2072],[44.5689,41.2064],[44.5607,41.2043],[44.5589,41.2035],[44.5566,41.2016],[44.5553,41.1977],[44.5545,41.197],[44.552,41.1961],[44.5463,41.1957],[44.5444,41.1959],[44.5414,41.1969],[44.5403,41.1977],[44.5389,41.2],[44.5387,41.2045],[44.5392,41.2068],[44.54,41.2082],[44.5412,41.2088],[44.5424,41.209],[44.543,41.2102],[44.5406,41.2147],[44.5401,41.2168],[44.5406,41.2175],[44.5425,41.2178],[44.5435,41.2185],[44.5442,41.2197],[44.5445,41.2226],[44.5439,41.2244],[44.5426,41.2256],[44.5406,41.2263],[44.5366,41.2263],[44.5346,41.2256],[44.5333,41.2244],[44.5325,41.2204],[44.53,41.2171],[44.527,41.2149],[44.521,41.2115],[44.518,41.209],[44.5155,41.2047],[44.515,41.1988],[44.5143,41.1969],[44.5133,41.1959],[44.5108,41.1955],[44.51,41.195],[44.509,41.1926],[44.5067,41.1915],[44.5026,41.1904],[44.4898,41.1882],[44.483,41.1866],[44.4807,41.1855],[44.48,41.1839],[44.4786,41.1832],[44.4761,41.1827],[44.4704,41.1825],[44.4665,41.1829],[44.4634,41.1839],[44.4611,41.1854],[44.4584,41.1884],[44.4556,41.1899],[44.4493,41.1911],[44.4412,41.1913],[44.4357,41.192],[44.4339,41.1927],[44.4331,41.1943],[44.4313,41.1954],[44.4258,41.197],[44.4178,41.1988],[44.4138,41.2002],[44.4123,41.201],[44.4105,41.2029],[44.4099,41.2068],[44.4092,41.208],[44.4082,41.2087],[44.4061,41.209],[44.4047,41.2097],[44.4025,41.2117],[44.4002,41.2147],[44.3983,41.2163],[44.3947,41.2175],[44.3886,41.218],[44.3873,41.2187],[44.3866,41.2206],[44.3857,41.2213],[44.3841,41.2218],[44.3769,41.2224],[44.3757,41.223],[44.3749,41.225],[44.374,41.2257],[44.3724,41.2262],[44.3653,41.2268],[44.364,41.2274],[44.3634,41.2289],[44.3626,41.2296],[44.3593,41.2296],[44.3536,41.2283],[44.3517,41.2275],[44.3487,41.225],[44.3476,41.2234],[44.3462,41.2193],[44.3456,41.2117],[44.3448,41.2096],[44.3423,41.2065],[44.3383,41.2048],[44.3357,41.2044],[44.3302,41.2046],[44.3262,41.2053],[44.3237,41.2065],[44.3229,41.2073],[44.322,41.2104],[44.3209,41.2112],[44.3193,41.2119],[44.3144,41.2128],[44.3072,41.2132],[44.293,41.2128],[44.2881,41.2118],[44.287,41.2099],[44.2857,41.2093],[44.2824,41.2088],[44.2777,41.2093],[44.2764,41.2099],[44.2755,41.212],[44.2722,41.2149],[44.2602,41.2222],[44.2562,41.2252],[44.2536,41.2279],[44.2529,41.2291],[44.2525,41.2314],[44.2517,41.2323],[44.25,41.2331],[44.2476,41.2338],[44.2402,41.2348],[44.2123,41.2354],[44.2024,41.2362],[44.1999,41.2371],[44.1997,41.2382],[44.1972,41.2399],[44.1923,41.2415],[44.1882,41.2422],[44.1865,41.2419],[44.1852,41.2412],[44.1833,41.2386],[44.1827,41.2367],[44.1822,41.2272],[44.1815,41.2241],[44.1805,41.2224],[44.1784,41.2216],[44.177,41.2195],[44.1755,41.2158],[44.1724,41.2042],[44.17,41.1994],[44.1686,41.1974],[44.1651,41.1946],[44.156,41.1915],[44.1541,41.1904],[44.1532,41.1888],[44.1525,41.1883],[44.1459,41.1873],[44.1328,41.1869],[44.1175,41.1871],[44.1087,41.1879],[44.1065,41.1888],[44.1057,41.1902],[44.1038,41.1909],[44.0948,41.1914],[44.0917,41.1921],[44.0907,41.1926],[44.0893,41.1942],[44.0888,41.1972],[44.0872,41.1992],[44.0852,41.1999],[44.0812,41.2],[44.0792,41.1996],[44.0779,41.199],[44.0771,41.1971],[44.0757,41.1963],[44.0732,41.1959],[44.0625,41.1953],[44.0606,41.1946],[44.0594,41.1927],[44.0576,41.192],[44.0543,41.1915],[44.0401,41.1909],[44.0376,41.1902],[44.0368,41.1898],[44.0358,41.1882],[44.0326,41.1871],[44.023,41.1855],[44.0052,41.1833],[43.9975,41.1817],[43.9962,41.1811],[43.995,41.1791],[43.9938,41.1785],[43.9877,41.178],[43.985,41.1774],[43.9841,41.1766],[43.9836,41.1751],[43.9823,41.174],[43.9798,41.1729],[43.9691,41.1696],[43.9667,41.1679],[43.9658,41.1659],[43.9637,41.1651],[43.9598,41.1649],[43.956,41.1657],[43.9539,41.167],[43.9502,41.1708],[43.9486,41.1716],[43.9439,41.1729],[43.9335,41.1737],[43.922,41.1735],[43.9155,41.1727],[43.9138,41.1718],[43.9137,41.1707],[43.9127,41.17],[43.9111,41.1695],[43.904,41.1689],[43.9027,41.1683],[43.9022,41.1668],[43.9011,41.1663],[43.8956,41.1652],[43.8792,41.1635],[43.8485,41.1613],[43.8354,41.1597],[43.8321,41.1586],[43.8319,41.1576],[43.8303,41.1565],[43.8242,41.156],[43.8206,41.1547],[43.8187,41.1532],[43.8163,41.1502],[43.8133,41.1481],[43.8108,41.1475],[43.8065,41.1471],[43.8036,41.1461],[43.8007,41.1442],[43.7949,41.1385],[43.7919,41.1362],[43.789,41.1347],[43.783,41.1338],[43.7792,41.1321],[43.7746,41.129],[43.7608,41.1173],[43.7556,41.1142],[43.7508,41.1125],[43.7463,41.1121],[43.7403,41.1128],[43.7389,41.1136],[43.7385,41.1151],[43.7376,41.1158],[43.7359,41.1163],[43.7288,41.1169],[43.7275,41.1176],[43.7268,41.1195],[43.7259,41.1202],[43.7242,41.1207],[43.7171,41.1213],[43.7159,41.122],[43.715,41.1239],[43.7137,41.1246],[43.7112,41.1251],[43.7035,41.1254],[43.6994,41.126],[43.6981,41.1268],[43.6976,41.1283],[43.6967,41.129],[43.6951,41.1295],[43.6879,41.1301],[43.6867,41.1308],[43.6861,41.1322],[43.6847,41.1326],[43.6779,41.133],[43.6656,41.1329],[43.6271,41.1314],[43.6185,41.1314],[43.6049,41.1322],[43.5999,41.133],[43.5961,41.1341],[43.5934,41.1355],[43.59,41.1386],[43.5848,41.1409],[43.5778,41.1423],[43.569,41.1429],[43.5594,41.1428],[43.5498,41.1422],[43.5466,41.1415],[43.546,41.141],[43.5454,41.1396],[43.5442,41.1389],[43.5381,41.1385],[43.5354,41.1378],[43.5345,41.1371],[43.5338,41.1356],[43.5316,41.1348],[43.5247,41.1342],[43.5146,41.134],[43.5091,41.1333],[43.5051,41.1321],[43.5036,41.1312],[43.5005,41.1281],[43.4963,41.1263],[43.49,41.1247],[43.4763,41.1229],[43.468,41.1213],[43.4648,41.1204],[43.4603,41.118],[43.459,41.1167],[43.4584,41.1152],[43.4582,41.112],[43.4566,41.1083],[43.4546,41.1065],[43.4505,41.1046],[43.4478,41.1017],[43.4469,41.0991],[43.4468,41.0945],[43.4473,41.0922],[43.4481,41.0907],[43.4493,41.0901],[43.4507,41.0899],[43.4529,41.0881],[43.4567,41.0812],[43.4586,41.0786],[43.4609,41.0765],[43.465,41.0745],[43.4673,41.0715],[43.4682,41.0691],[43.4695,41.0624],[43.4706,41.0354],[43.4714,41.0306],[43.4726,41.0285],[43.4742,41.0283],[43.4761,41.0273],[43.484,41.0196],[43.4892,41.0165],[43.4932,41.0155],[43.501,41.0151],[43.5035,41.0146],[43.5048,41.0138],[43.5054,41.0124],[43.5067,41.012],[43.5109,41.0124],[43.5185,41.014],[43.5218,41.014],[43.5237,41.0116],[43.5254,41.0111],[43.5306,41.0107],[43.535,41.0088],[43.5379,41.0065],[43.5427,41.0019],[43.5474,40.9993],[43.5504,40.9982],[43.5573,40.9964],[43.5696,40.9946],[43.5786,40.9923],[43.5824,40.9904],[43.5853,40.9873],[43.59,40.9846],[43.5944,40.9831],[43.6028,40.9812],[43.6082,40.9791],[43.6156,40.9743],[43.6222,40.9682],[43.6279,40.964],[43.6313,40.9627],[43.6367,40.9622],[43.6389,40.9614],[43.6399,40.9591],[43.6427,40.9566],[43.6629,40.9427],[43.669,40.9369],[43.6712,40.9339],[43.6739,40.9276],[43.6753,40.9119],[43.6764,40.9099],[43.6784,40.9092],[43.6789,40.9086],[43.68,40.9053],[43.6803,40.8995],[43.6797,40.8946],[43.6784,40.8921],[43.6764,40.8916],[43.6753,40.8906],[43.6747,40.8887],[43.6744,40.8843],[43.6753,40.8798],[43.6764,40.8788],[43.6794,40.8781],[43.68,40.8775],[43.6803,40.8761],[43.6794,40.8746],[43.6753,40.8737],[43.6747,40.8731],[43.6744,40.8717],[43.6753,40.8701],[43.6777,40.8697],[43.6784,40.8693],[43.6794,40.8672],[43.6802,40.861],[43.6805,40.8494],[43.6816,40.8445],[43.6828,40.8432],[43.6842,40.8431],[43.6852,40.8424],[43.6858,40.8412],[43.6865,40.8371],[43.6883,40.8345],[43.6916,40.8317],[43.704,40.8236],[43.7058,40.822],[43.7084,40.8186],[43.7095,40.8153],[43.7096,40.8122],[43.7104,40.8091],[43.7114,40.8081],[43.7135,40.8075],[43.7149,40.8058],[43.7164,40.8027],[43.7208,40.7892],[43.7222,40.7868],[43.7237,40.7858],[43.7251,40.7855],[43.7261,40.7841],[43.7267,40.7816],[43.7271,40.7739],[43.7279,40.7697],[43.7289,40.7684],[43.731,40.7677],[43.7325,40.766],[43.7339,40.7629],[43.7383,40.7494],[43.7398,40.747],[43.7412,40.746],[43.7426,40.7458],[43.744,40.7439],[43.7446,40.7371],[43.7454,40.7339],[43.7464,40.7329],[43.7483,40.7325],[43.7489,40.7315],[43.7483,40.7283],[43.7456,40.7225],[43.7434,40.72],[43.7406,40.7193],[43.7396,40.7186],[43.7389,40.7174],[43.7387,40.7144],[43.7396,40.7114],[43.7406,40.7107],[43.7419,40.7106],[43.7426,40.7102],[43.7436,40.7081],[43.7442,40.7044],[43.7446,40.6927],[43.7454,40.6865],[43.7464,40.6844],[43.7498,40.6833],[43.7503,40.6821],[43.7501,40.6806],[43.749,40.6798],[43.7463,40.6794],[43.7449,40.6783],[43.7434,40.6765],[43.7403,40.6706],[43.7379,40.668],[43.7348,40.6659],[43.7269,40.6629],[43.7239,40.6601],[43.7228,40.6581],[43.7214,40.6532],[43.721,40.6439],[43.7201,40.639],[43.7193,40.6371],[43.7173,40.6343],[43.7133,40.632],[43.7122,40.6311],[43.7106,40.6285],[43.7097,40.6251],[43.7092,40.6188],[43.7078,40.6151],[43.7067,40.6134],[43.7037,40.6105],[43.6976,40.6068],[43.6941,40.6036],[43.6903,40.5971],[43.6878,40.5893],[43.6859,40.5851],[43.6824,40.581],[43.6783,40.579],[43.6755,40.5767],[43.6746,40.5748],[43.6743,40.5717],[43.6735,40.5696],[43.6725,40.5689],[43.6695,40.5684],[43.6689,40.5678],[43.6686,40.5663],[43.6675,40.5654],[43.6631,40.5646],[43.6529,40.564],[43.6507,40.5633],[43.6474,40.5609],[43.6463,40.5592],[43.6452,40.5547],[43.6455,40.5474],[43.6466,40.5432],[43.6478,40.5422],[43.6497,40.5418],[43.6505,40.5408],[43.6511,40.5372],[43.6503,40.5356],[43.6494,40.5351],[43.647,40.5348],[43.6394,40.536],[43.6368,40.5354],[43.6361,40.5345],[43.6358,40.5318],[43.6368,40.5277],[43.6369,40.5244],[43.6363,40.5232],[43.6352,40.5223],[43.6316,40.5217],[43.6237,40.5228],[43.6182,40.5226],[43.6164,40.5214],[43.6159,40.5185],[43.6142,40.5164],[43.6122,40.5157],[43.6082,40.5155],[43.6055,40.5148],[43.6045,40.5141],[43.6042,40.5126],[43.6033,40.5118],[43.6016,40.5113],[43.5945,40.5107],[43.5929,40.5096],[43.5924,40.5081],[43.59,40.5071],[43.5793,40.5065],[43.576,40.5056],[43.5752,40.5047],[43.5749,40.5035],[43.5735,40.5021],[43.5634,40.4961],[43.5604,40.4935],[43.5585,40.4906],[43.5577,40.4875],[43.5575,40.4844],[43.5558,40.4813],[43.5538,40.4802],[43.5498,40.4799],[43.5478,40.4792],[43.5465,40.4779],[43.546,40.4761],[43.5462,40.474],[43.5478,40.4713],[43.5498,40.4698],[43.5538,40.468],[43.5566,40.4657],[43.5575,40.4639],[43.5579,40.4607],[43.5593,40.4592],[43.5634,40.4579],[43.5694,40.4577],[43.5735,40.4571],[43.5749,40.4564],[43.5754,40.4544],[43.5761,40.4538],[43.5792,40.4532],[43.5814,40.452],[43.5851,40.4474],[43.587,40.4459],[43.5906,40.4446],[43.5947,40.4444],[43.5974,40.4438],[43.5983,40.443],[43.5987,40.4414],[43.5996,40.4403],[43.6024,40.4386],[43.6064,40.4369],[43.6084,40.4355],[43.61,40.4327],[43.6108,40.4281],[43.6116,40.4271],[43.6135,40.4267],[43.6141,40.4261],[43.6151,40.423],[43.616,40.4136],[43.616,40.3998],[43.6151,40.3904],[43.6141,40.3873],[43.6135,40.3867],[43.6113,40.3861],[43.6091,40.3836],[43.6047,40.3754],[43.6033,40.374],[43.6011,40.3733],[43.6004,40.3728],[43.5989,40.37],[43.5967,40.3617],[43.5948,40.3494],[43.5947,40.3429],[43.5957,40.3384],[43.5978,40.3358],[43.6005,40.3346],[43.6033,40.3323],[43.6042,40.3304],[43.6045,40.3272],[43.6062,40.3245],[43.6082,40.3231],[43.6122,40.3213],[43.615,40.319],[43.6159,40.3171],[43.6161,40.314],[43.617,40.3119],[43.618,40.3112],[43.6201,40.3108],[43.6215,40.3098],[43.6279,40.2993],[43.6302,40.2973],[43.6343,40.2952],[43.6364,40.2936],[43.637,40.2927],[43.6375,40.2903],[43.6352,40.283],[43.635,40.2811],[43.6356,40.2801],[43.6376,40.2797],[43.639,40.279],[43.6437,40.2739],[43.6465,40.2723],[43.6528,40.2711],[43.6631,40.2707],[43.6675,40.2699],[43.6686,40.269],[43.6688,40.2679],[43.6697,40.2668],[43.6713,40.2657],[43.6752,40.264],[43.6775,40.2614],[43.6792,40.2569],[43.6803,40.2464],[43.6799,40.2381],[43.6781,40.232],[43.6766,40.2297],[43.6748,40.2281],[43.6726,40.2269],[43.6701,40.2264],[43.6646,40.2263],[43.6591,40.2257],[43.6573,40.2249],[43.657,40.2234],[43.6578,40.2223],[43.6608,40.2218],[43.6618,40.2211],[43.6625,40.2198],[43.6628,40.2159],[43.6637,40.2138],[43.6647,40.2132],[43.6678,40.2124],[43.6699,40.2109],[43.6784,40.2026],[43.6838,40.1992],[43.692,40.1964],[43.6951,40.1946],[43.697,40.1922],[43.6978,40.1893],[43.6981,40.186],[43.7005,40.1817],[43.7035,40.1791],[43.7112,40.1745],[43.7137,40.1723],[43.715,40.1701],[43.7153,40.1678],[43.7147,40.1668],[43.7134,40.1658],[43.7089,40.1641],[43.7019,40.1626],[43.6808,40.1598],[43.6751,40.1581],[43.6739,40.1561],[43.6726,40.1554],[43.6666,40.1549],[43.6639,40.1543],[43.6629,40.1536],[43.6626,40.152],[43.6617,40.1508],[43.66,40.1497],[43.6562,40.148],[43.655,40.147],[43.6541,40.1455],[43.6531,40.1409],[43.6536,40.1305],[43.6553,40.1221],[43.6564,40.1187],[43.6591,40.1137],[43.6608,40.1121],[43.6626,40.1109],[43.6646,40.1104],[43.6668,40.1104],[43.6703,40.1097],[43.6728,40.1083],[43.6742,40.106],[43.6748,40.1014],[43.6755,40.1001],[43.6781,40.0982],[43.6821,40.0972],[43.6923,40.0966],[43.6956,40.0956],[43.6974,40.094],[43.698,40.091],[43.6996,40.0889],[43.7016,40.0882],[43.7056,40.088],[43.7084,40.0873],[43.7093,40.0866],[43.7097,40.085],[43.7113,40.084],[43.7173,40.0835],[43.7201,40.0829],[43.721,40.0821],[43.7213,40.0806],[43.723,40.0795],[43.7263,40.0791],[43.731,40.0795],[43.7323,40.0802],[43.733,40.0821],[43.7339,40.0829],[43.7379,40.0836],[43.7427,40.0832],[43.744,40.0825],[43.7449,40.0806],[43.7467,40.0802],[43.75,40.0804],[43.7604,40.0819],[43.7629,40.0819],[43.7675,40.0811],[43.7713,40.0791],[43.7761,40.0746],[43.7779,40.0733],[43.7821,40.0714],[43.787,40.0704],[43.7953,40.07],[43.7998,40.0693],[43.8016,40.0688],[43.8044,40.0672],[43.8071,40.0642],[43.8095,40.0626],[43.8144,40.0614],[43.8205,40.061],[43.8235,40.06],[43.8246,40.0591],[43.826,40.0568],[43.8268,40.0522],[43.8279,40.0508],[43.8317,40.0484],[43.8377,40.0466],[43.8499,40.0447],[43.8589,40.0424],[43.8627,40.0405],[43.8663,40.0365],[43.8684,40.0353],[43.8709,40.0346],[43.877,40.034],[43.8783,40.0334],[43.879,40.0314],[43.8799,40.0306],[43.8815,40.0302],[43.8887,40.0295],[43.8899,40.0289],[43.8908,40.0269],[43.8921,40.0262],[43.8946,40.0257],[43.9022,40.0254],[43.9064,40.0248],[43.9077,40.024],[43.9085,40.0221],[43.9098,40.0214],[43.9118,40.0211],[43.9158,40.0211],[43.9186,40.0217],[43.9195,40.0225],[43.9202,40.0248],[43.9222,40.0255],[43.9246,40.0251],[43.9252,40.0244],[43.9255,40.023],[43.9263,40.0225],[43.9304,40.0217],[43.9378,40.0212],[43.9551,40.021],[43.966,40.0214],[43.9741,40.0224],[43.9792,40.0239],[43.9806,40.0249],[43.9814,40.026],[43.9831,40.0269],[43.9896,40.0281],[44.0068,40.0283],[44.0376,40.0267],[44.0507,40.0267],[44.054,40.0274],[44.0542,40.0285],[44.0558,40.0295],[44.0618,40.03],[44.0646,40.0306],[44.0655,40.0314],[44.0662,40.0337],[44.0682,40.0344],[44.0706,40.034],[44.0712,40.0334],[44.072,40.0306],[44.074,40.0299],[44.0754,40.03],[44.0768,40.0306],[44.0773,40.0325],[44.0784,40.0334],[44.081,40.034],[44.0875,40.0344],[44.093,40.0343],[44.0985,40.0337],[44.1003,40.0329],[44.1009,40.0314],[44.1018,40.0306],[44.1058,40.0299],[44.1085,40.03],[44.1113,40.0306],[44.1122,40.0314],[44.1126,40.0329],[44.114,40.0337],[44.12,40.0344],[44.1241,40.0343],[44.1282,40.0337],[44.1296,40.0329],[44.1301,40.0314],[44.131,40.0306],[44.135,40.0299],[44.1397,40.0304],[44.141,40.031],[44.1416,40.0325],[44.1423,40.0329],[44.1459,40.0333],[44.1569,40.0329],[44.1729,40.0316],[44.181,40.0315],[44.1839,40.0318],[44.1875,40.0329],[44.1883,40.0339],[44.1886,40.036],[44.1894,40.0368],[44.1919,40.038],[44.1959,40.0387],[44.204,40.0388],[44.2094,40.0382],[44.2113,40.0374],[44.2119,40.0355],[44.2125,40.0348],[44.2135,40.0345],[44.2156,40.0345],[44.2169,40.0351],[44.2177,40.0375],[44.2191,40.0386],[44.2216,40.0397],[44.2322,40.0431],[44.2342,40.0442],[44.235,40.0459],[44.2357,40.0464],[44.2394,40.0471],[44.2503,40.0478],[44.2707,40.0476],[44.2795,40.0468],[44.2817,40.0459],[44.2825,40.0444],[44.2844,40.0438],[44.2935,40.0433],[44.2976,40.0427],[44.2989,40.0419],[44.2996,40.0404],[44.3014,40.0396],[44.3069,40.039],[44.315,40.0387],[44.3195,40.038],[44.3228,40.0368],[44.3251,40.035],[44.3267,40.0329],[44.3297,40.0315],[44.3321,40.0316],[44.3363,40.0328],[44.3399,40.0326],[44.3418,40.0314],[44.3442,40.0284],[44.3461,40.0269],[44.3497,40.0256],[44.3549,40.0251],[44.3565,40.0241],[44.3574,40.0225],[44.3578,40.0195],[44.3594,40.0174],[44.3614,40.0167],[44.3655,40.0164],[44.3682,40.0151],[44.3691,40.0136],[44.3695,40.0105],[44.3711,40.0084],[44.3731,40.0077],[44.3791,40.0072],[44.3804,40.0065],[44.3815,40.0046],[44.3842,40.0038],[44.3892,40.0033],[44.4048,40.0028],[44.4086,40.0023],[44.4154,40.0003],[44.4212,39.9972],[44.4302,39.9892],[44.4346,39.9862],[44.439,39.984],[44.4453,39.9821],[44.4483,39.9806],[44.4508,39.9779],[44.4514,39.9747],[44.4532,39.9732],[44.4587,39.9719],[44.4689,39.9716],[44.4733,39.9707],[44.4744,39.9698],[44.4752,39.968],[44.4771,39.9663],[44.4878,39.9601],[44.4911,39.9567],[44.4919,39.9545],[44.4921,39.9523],[44.4937,39.9496],[44.4957,39.9481],[44.4997,39.9462],[44.5025,39.9433],[44.5034,39.9406],[44.5038,39.9359],[44.5054,39.9328],[44.5074,39.9317],[44.5115,39.9314],[44.5151,39.9301],[44.517,39.9286],[44.5195,39.9255],[44.5218,39.924],[44.5268,39.9227],[44.5329,39.9223],[44.5345,39.9219],[44.537,39.9205],[44.5383,39.9181],[44.5388,39.9135],[44.5397,39.9108],[44.5424,39.9079],[44.5465,39.9058],[44.5476,39.9046],[44.5492,39.9016],[44.5501,39.8974],[44.5508,39.8857],[44.5522,39.8826],[44.5545,39.882],[44.5569,39.8806],[44.5681,39.8702],[44.5738,39.866],[44.5772,39.8646],[44.5816,39.8641],[44.584,39.8631],[44.5871,39.8599],[44.5908,39.853],[44.5923,39.8515],[44.595,39.8505],[44.5955,39.8467],[44.5935,39.8329],[44.5939,39.8305],[44.5948,39.8286],[44.5963,39.8272],[44.5983,39.8263],[44.6008,39.8259],[44.6107,39.8268],[44.6132,39.8268],[44.6167,39.8259],[44.6176,39.8251],[44.618,39.824],[44.6164,39.8182],[44.6165,39.8171],[44.6175,39.8156],[44.6196,39.815],[44.6237,39.8146],[44.626,39.8136],[44.6279,39.8121],[44.6303,39.809],[44.6333,39.8069],[44.6358,39.8062],[44.6401,39.8058],[44.643,39.8048],[44.6474,39.8016],[44.6518,39.797],[44.657,39.7938],[44.661,39.7928],[44.6688,39.7924],[44.6713,39.7919],[44.6726,39.7911],[44.6735,39.7888],[44.6743,39.7883],[44.6762,39.7881],[44.6782,39.7888],[44.6793,39.7917],[44.6826,39.794],[44.6853,39.7951],[44.688,39.7956],[44.6913,39.7947],[44.6937,39.792],[44.6943,39.7891],[44.6923,39.7868],[44.6884,39.7849],[44.6857,39.7826],[44.6846,39.7797],[44.6847,39.7776],[44.6855,39.7755],[44.6865,39.7748],[44.6895,39.7742],[44.6902,39.7736],[44.6908,39.7716],[44.6926,39.7708],[44.6959,39.7703],[44.7061,39.7699],[44.7083,39.7693],[44.7116,39.7673],[44.7134,39.7642],[44.7141,39.7564],[44.7147,39.7539],[44.7157,39.7525],[44.7177,39.752],[44.7187,39.7513],[44.7194,39.7501],[44.7196,39.7471],[44.7207,39.7453],[44.7218,39.7446],[44.7251,39.7436],[44.7354,39.7428],[44.7378,39.7419],[44.7399,39.7407],[44.7417,39.739],[44.7445,39.7344],[44.7463,39.728],[44.7488,39.7226],[44.7506,39.7205],[44.7528,39.7188],[44.7554,39.7175],[44.7583,39.7167],[44.7652,39.7163],[44.7753,39.717],[44.7776,39.7177],[44.7783,39.7193],[44.7797,39.72],[44.7821,39.7205],[44.7928,39.7212],[44.7947,39.7218],[44.7958,39.7238],[44.7972,39.7245],[44.7996,39.725],[44.8103,39.7257],[44.8128,39.7267],[44.813,39.7278],[44.8141,39.7287],[44.8167,39.7293],[44.8287,39.7298],[44.8342,39.7304],[44.836,39.7312],[44.837,39.7327],[44.8397,39.7335],[44.8479,39.7342],[44.8632,39.7344],[44.8698,39.7353],[44.8709,39.7357],[44.872,39.7377],[44.8733,39.7383],[44.8793,39.7389],[44.8813,39.7396],[44.8826,39.7408],[44.8833,39.7447],[44.8842,39.7463],[44.8859,39.7473],[44.8882,39.7477],[44.891,39.7476],[44.8937,39.747],[44.8946,39.7462],[44.8953,39.744],[44.8966,39.7429],[44.9037,39.7393],[44.9059,39.7368],[44.907,39.7318],[44.9092,39.7302],[44.9163,39.7293],[44.9176,39.7287],[44.9186,39.7267],[44.9227,39.7257],[44.9346,39.7252],[44.9446,39.7259],[44.9469,39.7267],[44.9477,39.7283],[44.951,39.73],[44.9631,39.7329],[44.9694,39.7352],[44.9723,39.7371],[44.9751,39.7403],[44.9784,39.7422],[44.986,39.7445],[44.9963,39.7465],[45.0017,39.7487],[45.0039,39.7501],[45.0072,39.7535],[45.0099,39.7598],[45.0123,39.7628],[45.0154,39.7648],[45.0172,39.7654],[45.0237,39.7661],[45.0285,39.7682],[45.0311,39.7699],[45.0365,39.7745],[45.0452,39.7837],[45.0515,39.7879],[45.0548,39.7893],[45.0582,39.7903],[45.0617,39.7907],[45.0652,39.7906],[45.0689,39.79],[45.0754,39.7885],[45.0782,39.7875],[45.083,39.7851],[45.0868,39.7822],[45.0911,39.7778],[45.0941,39.7759],[45.097,39.7748],[45.1023,39.7744],[45.1039,39.7739],[45.1048,39.7731],[45.1053,39.7715],[45.1066,39.77],[45.1108,39.7673],[45.1168,39.764],[45.1198,39.7617],[45.1222,39.7584],[45.1227,39.7551],[45.1236,39.7532],[45.1264,39.7508],[45.1304,39.749],[45.1331,39.746],[45.134,39.7433],[45.1343,39.7386],[45.1351,39.7355],[45.1361,39.7344],[45.1382,39.7339],[45.1397,39.7321],[45.1411,39.729],[45.1443,39.7189],[45.1456,39.7164],[45.149,39.7118],[45.1534,39.7077],[45.1617,39.7025],[45.168,39.6974],[45.1708,39.6941],[45.1733,39.6892],[45.1753,39.6869],[45.1788,39.685],[45.1816,39.6848],[45.184,39.6842],[45.1857,39.6827],[45.1867,39.6789],[45.1866,39.6758],[45.1857,39.6734],[45.184,39.672],[45.1789,39.671],[45.1769,39.6696],[45.1756,39.6671],[45.1751,39.6635],[45.1753,39.6592],[45.1769,39.6543],[45.1789,39.6522],[45.1849,39.6491],[45.1862,39.648],[45.1867,39.6469],[45.1862,39.6451],[45.1854,39.6446],[45.1828,39.6441],[45.1818,39.6431],[45.1812,39.6412],[45.1804,39.633],[45.1795,39.6315],[45.1776,39.6309],[45.1764,39.6298],[45.1753,39.6256],[45.1751,39.6182],[45.1756,39.6119],[45.1764,39.6094],[45.1776,39.6084],[45.1789,39.6081],[45.1795,39.6067],[45.1793,39.6042],[45.177,39.5946],[45.1771,39.5932],[45.1781,39.5912],[45.1802,39.5904],[45.1829,39.5903],[45.1857,39.5897],[45.1866,39.5889],[45.1869,39.5874],[45.1886,39.5863],[45.1946,39.5858],[45.1973,39.5852],[45.1982,39.5844],[45.1987,39.5829],[45.2001,39.5821],[45.2042,39.5815],[45.2103,39.5816],[45.2138,39.5826],[45.2165,39.5845],[45.2221,39.5936],[45.2236,39.5947],[45.2257,39.595],[45.2267,39.5957],[45.2273,39.597],[45.2279,39.601],[45.2293,39.6029],[45.2334,39.6052],[45.2424,39.6081],[45.2443,39.6092],[45.2451,39.6109],[45.2461,39.6114],[45.2552,39.6125],[45.2813,39.6129],[45.2881,39.6124],[45.2938,39.6114],[45.2982,39.6099],[45.3015,39.608],[45.3036,39.6055],[45.3045,39.6025],[45.3043,39.5991],[45.301,39.5886],[45.3006,39.5859],[45.301,39.5818],[45.3017,39.5804],[45.3028,39.5794],[45.3055,39.5781],[45.3075,39.5763],[45.3092,39.5725],[45.3095,39.5678],[45.3103,39.5646],[45.3113,39.5636],[45.3138,39.5632],[45.3147,39.5627],[45.3152,39.5608],[45.316,39.5599],[45.3193,39.5591],[45.3286,39.5587],[45.3319,39.5578],[45.3327,39.5569],[45.3333,39.5552],[45.3346,39.5541],[45.3406,39.5512],[45.3426,39.5497],[45.3439,39.548],[45.3444,39.5448],[45.3451,39.5438],[45.3488,39.5423],[45.3597,39.541],[45.3802,39.5407],[45.3889,39.5398],[45.3911,39.5389],[45.3913,39.5378],[45.3929,39.5368],[45.3991,39.5362],[45.4026,39.535],[45.4045,39.5334],[45.4071,39.5303],[45.4099,39.5288],[45.4138,39.5278],[45.4244,39.5271],[45.4289,39.5261],[45.4307,39.5252],[45.4335,39.5229],[45.4367,39.517],[45.4382,39.5151],[45.4397,39.5141],[45.4418,39.5137],[45.4428,39.513],[45.4436,39.5109],[45.4439,39.5069],[45.445,39.5053],[45.4486,39.5044],[45.4492,39.5038],[45.4498,39.5019],[45.4511,39.5015],[45.4536,39.5016],[45.4614,39.5031],[45.4632,39.5031],[45.4663,39.5023],[45.4687,39.5003],[45.4725,39.4934],[45.474,39.492],[45.4754,39.4913],[45.4768,39.4915],[45.4782,39.4927],[45.4789,39.4974],[45.4805,39.5002],[45.4825,39.5017],[45.4865,39.5035],[45.4893,39.5058],[45.4902,39.5077],[45.4906,39.5109],[45.4922,39.513],[45.4942,39.5137],[45.4982,39.5139],[45.501,39.5145],[45.5019,39.5153],[45.5022,39.5169],[45.5039,39.5179],[45.51,39.5185],[45.5125,39.5192],[45.5146,39.5205],[45.5178,39.5244],[45.5198,39.5259],[45.522,39.5269],[45.5261,39.5274],[45.5288,39.5282],[45.5321,39.5316],[45.5356,39.5395],[45.5371,39.5411],[45.5411,39.5437],[45.5466,39.5451],[45.5568,39.5457],[45.5597,39.5462],[45.5645,39.5482],[45.5677,39.5513],[45.5705,39.5575],[45.5716,39.5594],[45.5743,39.5624],[45.5778,39.5646],[45.5855,39.567],[45.588,39.5682],[45.5894,39.5693],[45.5896,39.5704],[45.5902,39.5708],[45.5951,39.5706],[45.6165,39.5657],[45.6214,39.5649],[45.6241,39.565],[45.6258,39.567],[45.6283,39.5682],[45.6405,39.571],[45.6468,39.5734],[45.6496,39.5753],[45.6523,39.5785],[45.657,39.5812],[45.6614,39.5827],[45.6698,39.5847],[45.6752,39.5869],[45.6826,39.5917],[45.6892,39.598],[45.6931,39.6011],[45.6967,39.603],[45.6999,39.6039],[45.7046,39.6035],[45.7059,39.6028],[45.7068,39.6009],[45.7086,39.6005],[45.7119,39.6006],[45.7222,39.6022],[45.7267,39.6019],[45.7301,39.6005],[45.7323,39.598],[45.734,39.5949],[45.7351,39.5938],[45.7378,39.5923],[45.7413,39.5921],[45.7475,39.5933],[45.7509,39.5933],[45.7524,39.5931],[45.7548,39.5919],[45.7574,39.5888],[45.7603,39.5873],[45.7665,39.586],[45.7747,39.5857],[45.7787,39.5846],[45.7801,39.5838],[45.782,39.5815],[45.7826,39.5755],[45.7832,39.5736],[45.7842,39.5726],[45.7868,39.5722],[45.7876,39.5717],[45.7883,39.5694],[45.7891,39.5683],[45.7907,39.5679],[45.7926,39.5681],[45.7937,39.5689],[45.7946,39.5711],[45.7967,39.5711],[45.8006,39.5698],[45.8019,39.5691],[45.803,39.5681],[45.8046,39.5655],[45.8055,39.562],[45.8058,39.5558],[45.8066,39.5516],[45.8076,39.5502],[45.8097,39.5495],[45.8112,39.5478],[45.8126,39.5446],[45.817,39.5309],[45.8185,39.5284],[45.8192,39.5277],[45.8207,39.5274],[45.8216,39.5252],[45.8216,39.5168],[45.8196,39.4969],[45.8198,39.4922],[45.8216,39.4844],[45.8231,39.4812],[45.8251,39.4786],[45.8276,39.4764],[45.8331,39.473],[45.8371,39.4696],[45.8396,39.4662],[45.8407,39.4629],[45.8404,39.4596],[45.8391,39.4565],[45.8366,39.4538],[45.8289,39.4489],[45.8239,39.4443],[45.8216,39.4405],[45.8191,39.4341],[45.8172,39.431],[45.8161,39.4299],[45.8136,39.4285],[45.8108,39.4282],[45.8094,39.4277],[45.8082,39.4267],[45.8059,39.4233],[45.804,39.4178],[45.8002,39.4016],[45.798,39.3971],[45.7959,39.3962],[45.7954,39.3954],[45.7946,39.3924],[45.794,39.3814],[45.7943,39.3784],[45.7957,39.3734],[45.7967,39.3714],[45.7998,39.3685],[45.8088,39.3653],[45.8107,39.3642],[45.8115,39.3625],[45.8143,39.3614],[45.8252,39.3597],[45.8565,39.3566],[45.8654,39.355],[45.8709,39.3531],[45.8725,39.3521],[45.8752,39.3489],[45.8779,39.3471],[45.8814,39.3456],[45.8876,39.3437],[45.8911,39.3419],[45.8949,39.3381],[45.8966,39.3348],[45.8986,39.3321],[45.9013,39.3302],[45.9048,39.3291],[45.9125,39.3287],[45.9158,39.3278],[45.9166,39.3269],[45.9169,39.3258],[45.9183,39.3247],[45.9207,39.3235],[45.9287,39.3211],[45.9352,39.3175],[45.9396,39.314],[45.9465,39.3077],[45.9522,39.3042],[45.9555,39.3028],[45.9629,39.3006],[45.9785,39.2981],[45.9851,39.2964],[45.9862,39.2959],[45.987,39.2942],[45.9883,39.293],[45.9908,39.2919],[45.9966,39.2902],[45.9985,39.2892],[46.0015,39.2856],[46.0034,39.28],[46.0042,39.2724],[46.0039,39.2639],[46.0026,39.2573],[46.0015,39.2548],[45.9985,39.2512],[45.9966,39.2501],[45.9908,39.248],[45.9883,39.2459],[45.987,39.2432],[45.9867,39.2399],[45.9876,39.2353],[45.9886,39.2342],[45.9905,39.2336],[45.9911,39.2319],[45.9909,39.2287],[45.9887,39.2188],[45.9882,39.2135],[45.9887,39.2117],[45.9906,39.2111],[45.992,39.2085],[45.9931,39.1961],[45.9945,39.1936],[45.9966,39.1929],[45.998,39.1912],[45.9995,39.188],[46.0039,39.1742],[46.0053,39.1717],[46.006,39.171],[46.008,39.1703],[46.0084,39.1696],[46.0084,39.1653],[46.0065,39.1553],[46.0073,39.1507],[46.0084,39.1487],[46.012,39.1454],[46.0174,39.1429],[46.0198,39.1414],[46.0218,39.1394],[46.0234,39.137],[46.0245,39.1341],[46.0253,39.1272],[46.0238,39.1145],[46.0237,39.108],[46.0241,39.1054],[46.0257,39.1018],[46.0268,39.1007],[46.0307,39.0988],[46.0323,39.0972],[46.0332,39.0953],[46.0336,39.0921],[46.0352,39.09],[46.0372,39.0893],[46.0413,39.089],[46.0438,39.0883],[46.0468,39.0861],[46.0493,39.083],[46.0531,39.0809],[46.0566,39.0802],[46.0627,39.0798],[46.0643,39.0794],[46.0668,39.0779],[46.0682,39.0756],[46.0687,39.0696],[46.0694,39.0677],[46.0704,39.0667],[46.0717,39.0665],[46.0724,39.0659],[46.0734,39.0631],[46.074,39.058],[46.0747,39.0419],[46.077,39.0346],[46.0788,39.0315],[46.0811,39.0287],[46.0839,39.0263],[46.0871,39.0242],[46.0964,39.0193],[46.0984,39.0178],[46.1007,39.0151],[46.1009,39.0126],[46.0996,39.0105],[46.0991,39.0083],[46.0996,39.0076],[46.1016,39.0071],[46.1026,39.0054],[46.1032,39.0022],[46.104,38.9883],[46.1048,38.9859],[46.1054,38.9852],[46.1074,38.9844],[46.1084,38.9822],[46.1092,38.9759],[46.1096,38.9639],[46.1107,38.9588],[46.1119,38.9576],[46.1132,38.9574],[46.1142,38.9567],[46.1149,38.9554],[46.1157,38.9499],[46.1165,38.9489],[46.1191,38.9483],[46.1201,38.9476],[46.1207,38.9464],[46.1215,38.9408],[46.1224,38.9398],[46.1249,38.939],[46.1259,38.9373],[46.1267,38.9319],[46.1271,38.922],[46.1282,38.9178],[46.1294,38.9167],[46.1308,38.9166],[46.1321,38.916],[46.1329,38.9136],[46.1345,38.9119],[46.1405,38.909],[46.1425,38.9075],[46.1442,38.9047],[46.1449,38.8999],[46.1457,38.8989],[46.1483,38.8982],[46.1496,38.895],[46.1502,38.8886],[46.1496,38.8793],[46.1483,38.8761],[46.1464,38.8754],[46.1458,38.8732],[46.146,38.8694],[46.1482,38.8575],[46.1487,38.8511],[46.1482,38.8489],[46.1457,38.8481],[46.1449,38.8471],[46.1444,38.8434],[46.1451,38.8424],[46.1465,38.8415],[46.1517,38.8403],[46.1648,38.8394],[46.1801,38.8398],[46.1838,38.8403],[46.1889,38.8415],[46.1903,38.8424],[46.1911,38.8434],[46.1912,38.8455],[46.192,38.8477],[46.193,38.8484],[46.196,38.8489],[46.1977,38.852],[46.201,38.8528],[46.2088,38.8533],[46.2122,38.8543],[46.215,38.8563],[46.2188,38.8623],[46.2221,38.865],[46.2268,38.8671],[46.233,38.8687],[46.2399,38.8699],[46.2467,38.8722],[46.249,38.8742],[46.2496,38.8774],[46.2506,38.8789],[46.2522,38.8799],[46.2574,38.8805],[46.2599,38.8816],[46.2629,38.8848],[46.2662,38.8908],[46.2694,38.8933],[46.2721,38.894],[46.2768,38.8944],[46.2781,38.895],[46.2788,38.897],[46.2797,38.8978],[46.2814,38.8983],[46.2885,38.8989],[46.2898,38.8996],[46.2909,38.9016],[46.292,38.902],[46.2985,38.9028],[46.3141,38.9033],[46.3177,38.9037],[46.3239,38.9052],[46.3286,38.9075],[46.3337,38.9122],[46.3357,38.9135],[46.3405,38.9154],[46.3464,38.9165],[46.3567,38.9165],[46.3644,38.9153],[46.3677,38.9137],[46.3706,38.9105],[46.3739,38.9086],[46.3816,38.9063],[46.392,38.9043],[46.3984,38.9021],[46.4013,38.9006],[46.4066,38.8972],[46.4166,38.8877],[46.4193,38.8857],[46.4213,38.8849],[46.4228,38.885],[46.425,38.8863],[46.4287,38.891],[46.4317,38.8931],[46.4342,38.8938],[46.4403,38.8944],[46.442,38.8955],[46.4424,38.897],[46.4449,38.8981],[46.4498,38.8985],[46.454,38.8984],[46.4575,38.8977],[46.4602,38.8964],[46.4639,38.8924],[46.4662,38.8908],[46.4712,38.8896],[46.4773,38.8894],[46.4814,38.8887],[46.4827,38.8879],[46.4836,38.8856],[46.4849,38.885],[46.4869,38.885],[46.4879,38.8853],[46.4886,38.8859],[46.4894,38.8884],[46.4907,38.889],[46.4927,38.8894],[46.4967,38.8894],[46.4987,38.889],[46.5,38.8884],[46.5009,38.8864],[46.5027,38.886],[46.506,38.8862],[46.5162,38.8877],[46.5202,38.8874],[46.5217,38.8869],[46.5235,38.8849],[46.5244,38.8788],[46.5266,38.8754],[46.5305,38.8732],[46.5317,38.8734],[46.5328,38.8744],[46.5337,38.8762],[46.535,38.8821],[46.5356,38.8911],[46.5353,38.906],[46.5342,38.9146],[46.533,38.9167],[46.5316,38.9168],[46.5303,38.9181],[46.5295,38.9229],[46.5281,38.9252],[46.524,38.9286],[46.5179,38.9322],[46.516,38.9338],[46.5129,38.9376],[46.5097,38.9448],[46.5089,38.9476],[46.5086,38.9527],[46.5089,38.9549],[46.5108,38.9586],[46.5122,38.9602],[46.5181,38.9641],[46.5206,38.9678],[46.5213,38.97],[46.5217,38.9754],[46.5204,38.985],[46.5208,38.9877],[46.5217,38.9901],[46.5232,38.992],[46.5252,38.9937],[46.5277,38.9949],[46.5308,38.9959],[46.5377,38.9971],[46.5427,38.9986],[46.5445,38.9994],[46.5468,39.0013],[46.5472,39.0035],[46.5467,39.0061],[46.5459,39.0071],[46.5433,39.0079],[46.542,39.0117],[46.5413,39.0258],[46.5405,39.0322],[46.5395,39.0343],[46.5361,39.0354],[46.5356,39.0373],[46.5364,39.0386],[46.5383,39.0402],[46.5473,39.0456],[46.5503,39.0482],[46.5523,39.0511],[46.5531,39.056],[46.5525,39.0575],[46.5514,39.0587],[46.5476,39.0606],[46.5416,39.0617],[46.5263,39.0623],[46.5213,39.0633],[46.5186,39.0649],[46.5181,39.067],[46.5197,39.07],[46.5238,39.0723],[46.5298,39.0743],[46.5315,39.0753],[46.5339,39.0779],[46.5353,39.0814],[46.5353,39.0878],[46.5339,39.0912],[46.5315,39.0939],[46.5279,39.0956],[46.5238,39.0968],[46.5197,39.0985],[46.5183,39.0996],[46.5179,39.1012],[46.517,39.102],[46.5153,39.1025],[46.5115,39.1027],[46.5091,39.1038],[46.5082,39.1048],[46.5069,39.108],[46.5062,39.1179],[46.5045,39.1232],[46.5025,39.125],[46.4974,39.1258],[46.4958,39.1268],[46.4949,39.1283],[46.4945,39.1315],[46.4929,39.1336],[46.4909,39.1343],[46.4848,39.1348],[46.4832,39.1359],[46.4832,39.1375],[46.4841,39.1382],[46.4858,39.1387],[46.4909,39.1392],[46.4929,39.1402],[46.4945,39.1434],[46.4947,39.1466],[46.4941,39.148],[46.4931,39.1491],[46.4914,39.15],[46.4865,39.1508],[46.4832,39.1508],[46.4679,39.1495],[46.4629,39.1498],[46.4602,39.1511],[46.4597,39.152],[46.4594,39.1541],[46.4588,39.1549],[46.4569,39.1562],[46.4539,39.1569],[46.4463,39.1573],[46.443,39.1581],[46.4421,39.159],[46.4416,39.1609],[46.4408,39.1614],[46.4383,39.1617],[46.4378,39.1624],[46.4379,39.1637],[46.4401,39.1677],[46.4407,39.1698],[46.4401,39.1705],[46.4382,39.1709],[46.4369,39.1728],[46.4362,39.1798],[46.4354,39.183],[46.4344,39.184],[46.4318,39.1844],[46.431,39.1849],[46.4306,39.1857],[46.4306,39.1873],[46.4314,39.1883],[46.4346,39.189],[46.4365,39.19],[46.44,39.1932],[46.4443,39.1979],[46.4473,39.2002],[46.4516,39.2021],[46.4558,39.2023],[46.4586,39.2016],[46.4595,39.2008],[46.4602,39.1992],[46.4629,39.1981],[46.4712,39.1964],[46.4832,39.1946],[46.4914,39.1923],[46.4941,39.1904],[46.4952,39.1861],[46.4965,39.1844],[46.4998,39.1822],[46.5025,39.1815],[46.5034,39.1818],[46.5044,39.1837],[46.5043,39.1872],[46.5027,39.195],[46.5027,39.1974],[46.5038,39.2016],[46.5049,39.2034],[46.5082,39.2063],[46.5123,39.2082],[46.5153,39.2087],[46.5164,39.2084],[46.5178,39.2068],[46.5182,39.2023],[46.5199,39.1991],[46.5219,39.198],[46.527,39.1974],[46.5286,39.1964],[46.5295,39.1948],[46.5303,39.1902],[46.5311,39.1892],[46.5337,39.1883],[46.5342,39.1875],[46.5353,39.1824],[46.5361,39.1658],[46.5375,39.162],[46.5381,39.1616],[46.5395,39.1617],[46.5411,39.1627],[46.542,39.1654],[46.5428,39.1659],[46.5453,39.1663],[46.5463,39.1674],[46.547,39.1693],[46.5476,39.1754],[46.5494,39.1784],[46.5527,39.1812],[46.5629,39.186],[46.5651,39.1873],[46.5684,39.19],[46.5702,39.1931],[46.5709,39.1979],[46.5722,39.2002],[46.5733,39.2011],[46.5764,39.2021],[46.584,39.2025],[46.5865,39.203],[46.5878,39.2038],[46.5881,39.2049],[46.587,39.2061],[46.5843,39.2068],[46.5803,39.207],[46.5775,39.2083],[46.5766,39.2098],[46.5764,39.2119],[46.5781,39.214],[46.5797,39.2149],[46.5847,39.2165],[46.6033,39.2196],[46.6098,39.2213],[46.6115,39.2224],[46.6117,39.2235],[46.6126,39.2242],[46.6153,39.2249],[46.6194,39.2251],[46.623,39.2264],[46.6257,39.2289],[46.6264,39.23],[46.6268,39.2319],[46.6264,39.2326],[46.6246,39.2336],[46.6156,39.2342],[46.6131,39.2347],[46.6118,39.2355],[46.6109,39.2378],[46.6089,39.2385],[46.6066,39.2381],[46.6059,39.2375],[46.6054,39.2355],[46.6029,39.2344],[46.5958,39.234],[46.5909,39.2348],[46.5898,39.2354],[46.5884,39.237],[46.5879,39.2401],[46.5863,39.2429],[46.5843,39.2444],[46.5803,39.2462],[46.5775,39.2486],[46.5766,39.2505],[46.5764,39.2526],[46.5753,39.2545],[46.5743,39.2552],[46.571,39.2562],[46.5586,39.2568],[46.5542,39.2577],[46.5535,39.2581],[46.5525,39.2603],[46.5513,39.2614],[46.5465,39.2637],[46.5439,39.2654],[46.5406,39.2697],[46.5373,39.2779],[46.5354,39.2813],[46.5318,39.2849],[46.5266,39.2878],[46.525,39.2899],[46.5241,39.2926],[46.5241,39.2974],[46.5257,39.3005],[46.5277,39.3016],[46.5305,39.3018],[46.5328,39.3024],[46.5337,39.3031],[46.535,39.305],[46.5356,39.3094],[46.5345,39.3128],[46.5334,39.3145],[46.5301,39.3179],[46.5198,39.3247],[46.5135,39.3298],[46.5107,39.3331],[46.508,39.338],[46.5056,39.3403],[46.5042,39.3412],[46.5007,39.3422],[46.4965,39.3425],[46.4927,39.342],[46.4883,39.3403],[46.4847,39.3364],[46.4808,39.3343],[46.4754,39.3334],[46.4712,39.3335],[46.4671,39.3341],[46.4658,39.3349],[46.4653,39.3365],[46.4644,39.3372],[46.4628,39.3377],[46.4575,39.3382],[46.4531,39.3401],[46.4502,39.3424],[46.4458,39.347],[46.4414,39.3502],[46.4385,39.3513],[46.4342,39.3516],[46.4317,39.3523],[46.4296,39.3536],[46.4263,39.3576],[46.4239,39.3595],[46.419,39.3619],[46.4129,39.3638],[46.4098,39.3656],[46.4088,39.3667],[46.4074,39.3694],[46.4068,39.3754],[46.4057,39.3779],[46.4046,39.3786],[46.4031,39.3788],[46.4009,39.3807],[46.3972,39.3877],[46.3942,39.3915],[46.3917,39.3934],[46.3856,39.3963],[46.3839,39.398],[46.3838,39.3992],[46.3843,39.4004],[46.3851,39.4009],[46.387,39.4011],[46.3876,39.4018],[46.3881,39.4049],[46.3876,39.4145],[46.3859,39.4284],[46.3858,39.4354],[46.3861,39.4379],[46.3877,39.4411],[46.3889,39.4417],[46.3915,39.4419],[46.3931,39.443],[46.3935,39.4449],[46.3921,39.4493],[46.3923,39.4521],[46.3932,39.4531],[46.3967,39.4546],[46.4024,39.4553],[46.4142,39.4557],[46.4174,39.4563],[46.4183,39.4567],[46.4188,39.4578],[46.4204,39.4581],[46.427,39.4564],[46.4456,39.4496],[46.4505,39.4482],[46.4533,39.4479],[46.4538,39.4482],[46.4538,39.4488],[46.4552,39.4505],[46.4584,39.4531],[46.4734,39.4631],[46.4785,39.4672],[46.4803,39.4692],[46.4826,39.4729],[46.4834,39.4779],[46.4841,39.4791],[46.4852,39.4802],[46.4885,39.4817],[46.4907,39.4821],[46.4962,39.4823],[46.5042,39.4816],[46.506,39.4808],[46.5066,39.4793],[46.5082,39.4782],[46.5142,39.4777],[46.517,39.4771],[46.5179,39.4763],[46.5189,39.4741],[46.5222,39.4724],[46.5279,39.4708],[46.5298,39.4705],[46.5328,39.4712],[46.5347,39.4732],[46.5356,39.4767],[46.5354,39.4809],[46.5337,39.4851],[46.5317,39.4865],[46.5266,39.487],[46.525,39.4875],[46.5241,39.4883],[46.5237,39.4899],[46.5228,39.491],[46.5201,39.4927],[46.516,39.4945],[46.514,39.496],[46.5124,39.4987],[46.5121,39.5019],[46.5113,39.504],[46.5103,39.5047],[46.5075,39.5055],[46.5045,39.5093],[46.5022,39.5152],[46.5022,39.5177],[46.5025,39.5181],[46.5045,39.5185],[46.506,39.5192],[46.5108,39.5245],[46.514,39.5264],[46.5217,39.5287],[46.5319,39.5306],[46.5348,39.5314],[46.5396,39.5335],[46.5429,39.5362],[46.5467,39.5422],[46.548,39.5433],[46.5511,39.5447],[46.5549,39.5454],[46.562,39.5449],[46.5639,39.5443],[46.5656,39.5417],[46.5689,39.54],[46.5746,39.5383],[46.5765,39.5381],[46.5795,39.5388],[46.5815,39.5408],[46.5823,39.5442],[46.5821,39.5485],[46.5805,39.5534],[46.5785,39.5556],[46.5743,39.5576],[46.5719,39.5594],[46.5698,39.5618],[46.5663,39.5679],[46.5635,39.5703],[46.5617,39.5711],[46.5572,39.5722],[46.5469,39.5726],[46.5436,39.5731],[46.5418,39.5739],[46.5412,39.5754],[46.5403,39.5762],[46.5376,39.5768],[46.5335,39.577],[46.531,39.5777],[46.5289,39.579],[46.5264,39.5819],[46.5251,39.5829],[46.5231,39.5838],[46.5171,39.585],[46.5035,39.5859],[46.4924,39.5857],[46.4839,39.585],[46.478,39.5838],[46.4746,39.5819],[46.4727,39.5798],[46.4711,39.579],[46.4664,39.5777],[46.4599,39.577],[46.4418,39.5765],[46.4369,39.5754],[46.4358,39.5734],[46.4336,39.5726],[46.4285,39.5725],[46.4257,39.5731],[46.4248,39.5739],[46.4244,39.5755],[46.4235,39.5766],[46.4169,39.5801],[46.416,39.581],[46.415,39.5831],[46.4155,39.5873],[46.4184,39.5928],[46.4206,39.5947],[46.4237,39.5953],[46.4246,39.5968],[46.4241,39.5987],[46.4207,39.5997],[46.4197,39.6015],[46.4191,39.6047],[46.4182,39.6168],[46.4161,39.6219],[46.4137,39.6238],[46.4109,39.6248],[46.4084,39.6248],[46.4054,39.6233],[46.4038,39.6213],[46.4015,39.6195],[46.3982,39.6182],[46.3911,39.6174],[46.3881,39.6174],[46.3834,39.6182],[46.3816,39.6191],[46.379,39.6216],[46.3779,39.6252],[46.3774,39.6311],[46.3761,39.6337],[46.3741,39.6351],[46.369,39.6356],[46.3673,39.6361],[46.3664,39.6368],[46.3657,39.6392],[46.3637,39.6399],[46.3613,39.6394],[46.3607,39.6388],[46.3604,39.6373],[46.3597,39.6368],[46.356,39.6356],[46.3451,39.634],[46.3289,39.6322],[46.3172,39.6299],[46.3125,39.628],[46.3111,39.6269],[46.3095,39.6248],[46.3057,39.6227],[46.3022,39.622],[46.2961,39.6217],[46.292,39.6205],[46.2906,39.6189],[46.2899,39.6158],[46.289,39.6148],[46.2858,39.613],[46.2807,39.6115],[46.2707,39.6098],[46.2639,39.6081],[46.2616,39.607],[46.261,39.6054],[46.2593,39.6043],[46.2533,39.6038],[46.2506,39.6032],[46.2496,39.6024],[46.2489,39.6004],[46.2467,39.5996],[46.2405,39.5996],[46.2383,39.6004],[46.2378,39.6019],[46.2371,39.6024],[46.2339,39.6032],[46.2282,39.6037],[46.2103,39.6037],[46.2007,39.6025],[46.1975,39.6009],[46.1969,39.5999],[46.1968,39.5978],[46.196,39.5957],[46.195,39.595],[46.1929,39.5947],[46.1914,39.5936],[46.19,39.5917],[46.1856,39.5835],[46.1841,39.582],[46.1819,39.5814],[46.1808,39.5822],[46.1799,39.5842],[46.1793,39.5935],[46.1785,39.5977],[46.1775,39.5991],[46.1755,39.5997],[46.1741,39.6022],[46.1735,39.6115],[46.1726,39.6157],[46.1716,39.6171],[46.1696,39.6177],[46.1686,39.6195],[46.1678,39.6248],[46.1675,39.6326],[46.1666,39.6368],[46.1659,39.6385],[46.1639,39.641],[46.1588,39.6437],[46.1571,39.6453],[46.1562,39.6472],[46.156,39.6494],[46.1547,39.6515],[46.1533,39.6524],[46.1492,39.654],[46.1364,39.6565],[46.1296,39.6588],[46.1273,39.6607],[46.1267,39.6639],[46.1257,39.6654],[46.123,39.6667],[46.1188,39.6671],[46.1159,39.6685],[46.113,39.671],[46.1068,39.6788],[46.102,39.6816],[46.0991,39.6824],[46.0922,39.6831],[46.0799,39.6819],[46.0717,39.6821],[46.069,39.6833],[46.0679,39.6872],[46.0666,39.6885],[46.0646,39.6892],[46.0595,39.6895],[46.0573,39.6904],[46.0568,39.6918],[46.0579,39.6931],[46.0595,39.6936],[46.0646,39.694],[46.0657,39.6944],[46.0674,39.6959],[46.0683,39.6982],[46.0684,39.7014],[46.0682,39.7041],[46.0671,39.7066],[46.0632,39.7081],[46.0604,39.7101],[46.0507,39.7193],[46.0467,39.7224],[46.0432,39.7244],[46.0415,39.725],[46.0372,39.7255],[46.0361,39.7261],[46.0352,39.7269],[46.034,39.7295],[46.033,39.7374],[46.0307,39.7412],[46.0266,39.7445],[46.0206,39.7471],[46.0138,39.7494],[46.0111,39.7507],[46.007,39.7534],[46.0047,39.7565],[46.0039,39.7614],[46.0015,39.7658],[45.9985,39.7684],[45.9924,39.7719],[45.9889,39.7745],[45.9851,39.7789],[45.9817,39.7849],[45.9796,39.7868],[45.9771,39.7879],[45.971,39.7885],[45.9697,39.7891],[45.9686,39.791],[45.9659,39.7914],[45.9577,39.791],[45.9424,39.7893],[45.9374,39.7892],[45.9347,39.7896],[45.9336,39.7912],[45.9287,39.7936],[45.9105,39.7987],[45.9015,39.8021],[45.8977,39.8043],[45.8938,39.8084],[45.8911,39.8097],[45.8876,39.8104],[45.8799,39.8107],[45.8766,39.8116],[45.8758,39.8125],[45.8755,39.8136],[45.8741,39.8147],[45.8717,39.8158],[45.861,39.8192],[45.8591,39.8203],[45.8582,39.822],[45.8569,39.8229],[45.8514,39.8238],[45.8418,39.824],[45.8359,39.8246],[45.8336,39.8252],[45.8304,39.8271],[45.829,39.8299],[45.829,39.833],[45.8281,39.8362],[45.8271,39.8372],[45.8251,39.8376],[45.8238,39.8395],[45.8231,39.8465],[45.8223,39.8496],[45.8213,39.8507],[45.8193,39.8511],[45.8179,39.853],[45.8173,39.8599],[45.8165,39.8631],[45.8155,39.8641],[45.8134,39.8646],[45.8124,39.866],[45.8118,39.8685],[45.8114,39.8764],[45.8106,39.8806],[45.8096,39.882],[45.8076,39.8824],[45.8062,39.8836],[45.8055,39.8883],[45.8046,39.8902],[45.803,39.8918],[45.7967,39.8953],[45.7951,39.8974],[45.7942,39.9],[45.7942,39.9048],[45.7951,39.9074],[45.7978,39.9104],[45.8006,39.9116],[45.803,39.9134],[45.8046,39.916],[45.8057,39.9214],[45.8056,39.9256],[45.8048,39.9298],[45.8038,39.9312],[45.8016,39.9317],[45.7986,39.9336],[45.7918,39.9405],[45.7889,39.9428],[45.7845,39.9447],[45.7783,39.9454],[45.777,39.946],[45.7765,39.9475],[45.7759,39.9479],[45.7727,39.9483],[45.7631,39.9479],[45.7452,39.9462],[45.7395,39.9461],[45.7363,39.9465],[45.7356,39.9469],[45.7351,39.9484],[45.7338,39.949],[45.7267,39.9496],[45.7245,39.9505],[45.7234,39.9532],[45.7226,39.9537],[45.7198,39.9541],[45.7179,39.9552],[45.7144,39.9583],[45.7101,39.9629],[45.7057,39.9661],[45.7028,39.9671],[45.6966,39.9677],[45.6953,39.9684],[45.6942,39.9703],[45.6915,39.9711],[45.6865,39.9716],[45.6652,39.9722],[45.6603,39.9733],[45.6591,39.9747],[45.6559,39.9752],[45.6463,39.9747],[45.6284,39.9731],[45.6208,39.9731],[45.6188,39.9738],[45.6187,39.9748],[45.6179,39.9759],[45.6149,39.9764],[45.6139,39.9771],[45.6131,39.9792],[45.6128,39.9824],[45.6119,39.9842],[45.6103,39.9859],[45.6052,39.9886],[45.6041,39.9897],[45.6024,39.9928],[45.6015,39.997],[45.6015,40.0047],[45.6024,40.0086],[45.6041,40.011],[45.6064,40.0121],[45.6093,40.0122],[45.6117,40.0129],[45.6138,40.0142],[45.6176,40.0181],[45.6218,40.0196],[45.6322,40.0209],[45.6501,40.0212],[45.6578,40.0221],[45.6597,40.023],[45.6599,40.024],[45.6615,40.0251],[45.6676,40.0256],[45.6701,40.0263],[45.6722,40.0276],[45.6755,40.0315],[45.6774,40.033],[45.6797,40.034],[45.6823,40.0344],[45.6852,40.0343],[45.6887,40.033],[45.6906,40.0315],[45.6922,40.0294],[45.695,40.0276],[45.6997,40.0263],[45.7062,40.0256],[45.7145,40.0255],[45.7243,40.0259],[45.7292,40.0269],[45.7298,40.028],[45.7307,40.0284],[45.7353,40.0288],[45.7435,40.0287],[45.769,40.027],[45.7827,40.0266],[45.7873,40.027],[45.7882,40.0274],[45.7883,40.0285],[45.7891,40.0295],[45.7901,40.0299],[45.7921,40.0299],[45.7937,40.0289],[45.7942,40.0269],[45.7951,40.0258],[45.7978,40.0241],[45.8019,40.0223],[45.8039,40.0209],[45.8051,40.0191],[45.8059,40.015],[45.8068,40.0135],[45.8095,40.0122],[45.8123,40.0121],[45.8149,40.0114],[45.8172,40.01],[45.8191,40.0077],[45.8227,40.0014],[45.827,39.9972],[45.8331,39.9936],[45.8352,39.993],[45.8372,39.993],[45.8391,39.9936],[45.8409,39.9947],[45.8443,39.9986],[45.849,40.0078],[45.8533,40.0128],[45.8559,40.0147],[45.8618,40.0176],[45.8721,40.0197],[45.875,40.0206],[45.8798,40.0227],[45.8831,40.0253],[45.8878,40.0332],[45.8893,40.0342],[45.8907,40.0344],[45.8922,40.0357],[45.8944,40.0407],[45.8973,40.0524],[45.8995,40.0587],[45.9009,40.0608],[45.903,40.0614],[45.904,40.0621],[45.9047,40.0633],[45.9055,40.0688],[45.9063,40.0698],[45.9082,40.0702],[45.9091,40.0718],[45.9091,40.0786],[45.9069,40.0975],[45.9073,40.1026],[45.9089,40.1054],[45.9101,40.1059],[45.9142,40.1063],[45.9164,40.1073],[45.9184,40.1088],[45.9208,40.1119],[45.9247,40.114],[45.9281,40.1147],[45.9372,40.1153],[45.9392,40.1159],[45.9404,40.1178],[45.9422,40.1186],[45.9455,40.1191],[45.9579,40.1197],[45.9612,40.1207],[45.963,40.1222],[45.9633,40.1243],[45.9628,40.1268],[45.962,40.1278],[45.9594,40.1286],[45.9581,40.1317],[45.9575,40.138],[45.9581,40.1471],[45.9594,40.1502],[45.962,40.151],[45.9628,40.152],[45.9635,40.1566],[45.9644,40.1585],[45.9672,40.1608],[45.9711,40.1627],[45.972,40.1635],[45.973,40.1656],[45.9729,40.1683],[45.9712,40.1729],[45.9706,40.1761],[45.9712,40.1771],[45.9731,40.1775],[45.9741,40.1786],[45.9747,40.1805],[45.9756,40.1886],[45.9764,40.1901],[45.9789,40.1909],[45.9799,40.192],[45.9809,40.1966],[45.9808,40.1997],[45.9799,40.2028],[45.9789,40.2039],[45.9759,40.2045],[45.9753,40.2051],[45.975,40.2066],[45.9759,40.2081],[45.9789,40.2088],[45.9799,40.2102],[45.9806,40.2127],[45.9809,40.2186],[45.9806,40.2222],[45.9795,40.2256],[45.9783,40.2264],[45.9756,40.2272],[45.9728,40.2292],[45.9652,40.2364],[45.9605,40.2402],[45.9529,40.2444],[45.9473,40.2462],[45.9418,40.2474],[45.9378,40.2488],[45.9363,40.2496],[45.9345,40.2515],[45.9341,40.2526],[45.9345,40.2546],[45.9363,40.2558],[45.9396,40.2561],[45.9499,40.2549],[45.9523,40.2552],[45.9544,40.2559],[45.9562,40.257],[45.9578,40.2586],[45.9601,40.2629],[45.9612,40.2681],[45.9613,40.2719],[45.961,40.2733],[45.9594,40.2751],[45.9541,40.2758],[45.9518,40.2768],[45.9456,40.2829],[45.9421,40.2842],[45.9379,40.2845],[45.9354,40.2856],[45.9333,40.2874],[45.93,40.2933],[45.927,40.2964],[45.9232,40.2977],[45.9194,40.2975],[45.9172,40.2966],[45.9166,40.2952],[45.9153,40.2943],[45.9098,40.2934],[45.9002,40.2932],[45.8969,40.2934],[45.8914,40.2945],[45.8893,40.2953],[45.886,40.2976],[45.8842,40.3007],[45.8813,40.3037],[45.8767,40.306],[45.8702,40.3078],[45.8548,40.3102],[45.8498,40.3113],[45.8471,40.3124],[45.8461,40.3141],[45.8438,40.3152],[45.8397,40.3163],[45.8219,40.3197],[45.8187,40.3208],[45.8174,40.3219],[45.817,40.3229],[45.8152,40.3237],[45.8119,40.3242],[45.8015,40.3246],[45.7989,40.325],[45.7944,40.3265],[45.7905,40.3288],[45.7859,40.3334],[45.7825,40.3357],[45.7768,40.3375],[45.7689,40.338],[45.7656,40.3388],[45.7648,40.3397],[45.7643,40.3415],[45.7629,40.3421],[45.7608,40.3423],[45.7593,40.343],[45.7572,40.3451],[45.7549,40.3482],[45.753,40.3497],[45.7494,40.351],[45.7433,40.3515],[45.742,40.3521],[45.7415,40.3536],[45.7406,40.3543],[45.7374,40.3543],[45.728,40.3523],[45.7248,40.3523],[45.7242,40.3526],[45.7236,40.3542],[45.7203,40.3558],[45.7082,40.3587],[45.7019,40.361],[45.699,40.3628],[45.6956,40.3668],[45.6935,40.3681],[45.691,40.3688],[45.6882,40.3689],[45.6849,40.3685],[45.6836,40.3679],[45.6825,40.366],[45.6776,40.3656],[45.6677,40.3664],[45.6595,40.3676],[45.6513,40.3699],[45.6486,40.3717],[45.6475,40.3759],[45.6462,40.3777],[45.6442,40.3791],[45.6402,40.3811],[45.6382,40.3832],[45.6365,40.388],[45.6358,40.3959],[45.6345,40.3984],[45.6325,40.3998],[45.6284,40.4002],[45.6249,40.4014],[45.6229,40.4029],[45.6206,40.406],[45.6176,40.4081],[45.6151,40.4088],[45.6108,40.4093],[45.6079,40.411],[45.6035,40.4162],[45.5989,40.4239],[45.5951,40.4277],[45.5906,40.4301],[45.5853,40.4311],[45.5798,40.4311],[45.5743,40.4305],[45.5725,40.4297],[45.5718,40.4282],[45.5699,40.4278],[45.5645,40.4282],[45.5563,40.4299],[45.5513,40.4317],[45.5471,40.4341],[45.5393,40.4414],[45.5364,40.4432],[45.5334,40.4443],[45.5292,40.4447],[45.5267,40.4457],[45.5246,40.4476],[45.5213,40.4534],[45.5194,40.4557],[45.5158,40.4576],[45.513,40.4578],[45.5106,40.4584],[45.509,40.4599],[45.5081,40.4622],[45.5076,40.4668],[45.5071,40.4682],[45.5052,40.4706],[45.5021,40.4724],[45.496,40.4743],[45.4926,40.4761],[45.4898,40.4785],[45.4871,40.4831],[45.4845,40.486],[45.4827,40.4872],[45.478,40.4893],[45.4648,40.4922],[45.4619,40.4933],[45.4572,40.4964],[45.4539,40.5006],[45.4503,40.5105],[45.4482,40.5142],[45.4458,40.5167],[45.4417,40.5188],[45.4397,40.521],[45.438,40.5257],[45.4377,40.5319],[45.4369,40.5361],[45.4359,40.5375],[45.4334,40.5379],[45.4325,40.5384],[45.432,40.5402],[45.4328,40.5413],[45.4347,40.5424],[45.4438,40.5453],[45.4468,40.5467],[45.4487,40.5485],[45.4495,40.5516],[45.4492,40.5534],[45.4481,40.5551],[45.4448,40.5559],[45.4418,40.5584],[45.4398,40.5614],[45.4393,40.5635],[45.4398,40.5642],[45.442,40.5646],[45.4444,40.566],[45.4493,40.5702],[45.4568,40.5779],[45.4586,40.5804],[45.459,40.5818],[45.4571,40.5823],[45.4552,40.5833],[45.4459,40.5923],[45.4415,40.5948],[45.4386,40.5954],[45.4338,40.5958],[45.4325,40.5964],[45.4315,40.5984],[45.4293,40.5991],[45.4224,40.5998],[45.4096,40.6],[45.4042,40.6009],[45.4028,40.6018],[45.4026,40.6029],[45.4017,40.604],[45.4001,40.6051],[45.3962,40.6068],[45.3941,40.6087],[45.3935,40.6101],[45.393,40.6137],[45.3946,40.6239],[45.3933,40.6291],[45.3918,40.6316],[45.3873,40.6363],[45.3773,40.643],[45.3723,40.6475],[45.3691,40.6519],[45.3678,40.6563],[45.3679,40.6605],[45.3687,40.6646],[45.3697,40.666],[45.3717,40.6664],[45.3727,40.6671],[45.3733,40.6684],[45.3741,40.6738],[45.375,40.6747],[45.3775,40.6756],[45.3785,40.6776],[45.3793,40.6839],[45.3796,40.693],[45.3813,40.6992],[45.3833,40.7013],[45.386,40.7017],[45.39,40.701],[45.3919,40.6985],[45.3952,40.6985],[45.4029,40.7004],[45.407,40.7027],[45.4086,40.7056],[45.4081,40.7092],[45.4073,40.7102],[45.4039,40.711],[45.4017,40.7127],[45.399,40.7165],[45.3984,40.718],[45.3986,40.719],[45.4009,40.7196],[45.4019,40.7203],[45.4025,40.7215],[45.4031,40.7254],[45.4055,40.7281],[45.4085,40.7296],[45.4147,40.7314],[45.4181,40.7328],[45.4209,40.7346],[45.4236,40.7377],[45.4264,40.7397],[45.4341,40.7422],[45.4498,40.7447],[45.4563,40.7461],[45.4588,40.7469],[45.4626,40.7488],[45.4654,40.7518],[45.4678,40.753],[45.4727,40.7532],[45.4788,40.7519],[45.4829,40.7515],[45.4843,40.7519],[45.4847,40.7534],[45.4864,40.7544],[45.4935,40.7552],[45.4957,40.7569],[45.4965,40.7616],[45.4971,40.7628],[45.4981,40.7635],[45.5002,40.7638],[45.5017,40.7645],[45.5065,40.7696],[45.5103,40.7711],[45.5158,40.7721],[45.5347,40.7727],[45.5413,40.7735],[45.5429,40.7744],[45.5434,40.7758],[45.5475,40.7793],[45.5625,40.789],[45.5676,40.7927],[45.5717,40.7972],[45.5724,40.8014],[45.573,40.8026],[45.574,40.8033],[45.5761,40.8037],[45.5776,40.8047],[45.584,40.8151],[45.5875,40.818],[45.5917,40.82],[45.5937,40.8221],[45.5953,40.8269],[45.5956,40.833],[45.5964,40.8372],[45.5974,40.8385],[45.5994,40.8389],[45.6004,40.8396],[45.601,40.8409],[45.6019,40.8463],[45.6027,40.8472],[45.6046,40.8476],[45.6052,40.8483],[45.6057,40.8539],[45.6039,40.87],[45.6029,40.8744],[45.6,40.8816],[45.5982,40.8843],[45.5961,40.8866],[45.5937,40.8882],[45.5911,40.8893],[45.5832,40.8903],[45.5811,40.8903],[45.5777,40.8895],[45.5754,40.8879],[45.5729,40.885],[45.5708,40.8838],[45.567,40.883],[45.5643,40.8832],[45.5632,40.8838],[45.5615,40.8857],[45.5606,40.8888],[45.5604,40.8929],[45.5599,40.8949],[45.5588,40.8967],[45.5572,40.8983],[45.555,40.8997],[45.549,40.9018],[45.5336,40.9042],[45.5287,40.9053],[45.526,40.9064],[45.5249,40.9088],[45.524,40.9092],[45.5215,40.9097],[45.5205,40.9107],[45.5198,40.9126],[45.519,40.9196],[45.5185,40.9206],[45.5168,40.9221],[45.5157,40.9225],[45.5106,40.9229],[45.509,40.9234],[45.5081,40.9241],[45.5073,40.9261],[45.5052,40.9269],[45.5013,40.9271],[45.498,40.9267],[45.4964,40.9257],[45.4959,40.9242],[45.4946,40.9238],[45.4886,40.9246],[45.4864,40.9252],[45.4831,40.9267],[45.482,40.9277],[45.4809,40.93],[45.4809,40.9314],[45.4826,40.9374],[45.4822,40.9398],[45.4806,40.9416],[45.4767,40.9434],[45.4747,40.9449],[45.4734,40.9466],[45.4727,40.9507],[45.4718,40.9526],[45.4701,40.9542],[45.465,40.9567],[45.463,40.9581],[45.4617,40.9598],[45.4612,40.9629],[45.4605,40.9638],[45.4593,40.9645],[45.4574,40.965],[45.4516,40.9653],[45.4382,40.9643],[45.4299,40.9642],[45.4267,40.9647],[45.4241,40.9656],[45.4222,40.9667],[45.4209,40.9682],[45.4203,40.9701],[45.42,40.9759],[45.4189,40.9792],[45.4178,40.98],[45.4156,40.9804],[45.4134,40.9821],[45.4106,40.9859],[45.4101,40.988],[45.4106,40.9887],[45.4126,40.989],[45.4136,40.9897],[45.4142,40.9909],[45.4148,40.995],[45.4167,40.9975],[45.4199,41.0003],[45.4302,41.0067],[45.4342,41.0096],[45.4367,41.0123],[45.4378,41.0147],[45.4376,41.0168],[45.436,41.0189],[45.434,41.0195],[45.43,41.0197],[45.4272,41.0204],[45.4263,41.0211],[45.426,41.0226],[45.4243,41.0237],[45.421,41.0241],[45.4163,41.0237],[45.415,41.0231],[45.4143,41.0212],[45.4134,41.0208],[45.4117,41.0209],[45.4065,41.0225],[45.403,41.0223],[45.4011,41.0211],[45.3985,41.0181],[45.3939,41.0154],[45.3894,41.014],[45.3811,41.0121],[45.374,41.0092],[45.3701,41.0066],[45.3655,41.002],[45.3621,40.9997],[45.3564,40.9979],[45.3501,40.9978],[45.3466,40.9985],[45.3439,40.9997],[45.3418,41.0015],[45.3389,41.0051],[45.3375,41.006],[45.336,41.0065],[45.3336,41.006],[45.333,41.0054],[45.3325,41.0035],[45.33,41.0025],[45.327,41.0021],[45.321,41.0021],[45.3179,41.0025],[45.316,41.0031],[45.3141,41.0062],[45.3073,41.0098],[45.3048,41.0122],[45.3018,41.018],[45.2993,41.0257],[45.2982,41.0279],[45.2955,41.0315],[45.2939,41.0329],[45.29,41.0348],[45.2859,41.0358],[45.2818,41.0362],[45.2804,41.0358],[45.2799,41.0343],[45.2785,41.0332],[45.2684,41.0296],[45.2654,41.0271],[45.2643,41.0255],[45.2629,41.0213],[45.2625,41.0137],[45.2616,41.0099],[45.2608,41.0085],[45.2588,41.0068],[45.2575,41.0065],[45.2548,41.0066],[45.2528,41.0073],[45.2515,41.0085],[45.2508,41.0123],[45.2499,41.0135],[45.2482,41.0138],[45.243,41.0125],[45.2406,41.0128],[45.2385,41.0142],[45.2351,41.0198],[45.2313,41.0235],[45.2278,41.0253],[45.2217,41.0273],[45.2187,41.029],[45.2176,41.0301],[45.2162,41.0328],[45.2154,41.0386],[45.2148,41.0396],[45.2132,41.0411],[45.2055,41.0425],[45.2034,41.0438],[45.1998,41.0476],[45.1961,41.0491],[45.1905,41.0501],[45.1787,41.0505],[45.1749,41.0511],[45.1716,41.0522],[45.1689,41.0538],[45.1667,41.056],[45.165,41.0588],[45.1639,41.0621],[45.1628,41.0775],[45.1623,41.0802],[45.1607,41.0841],[45.1596,41.0852],[45.1583,41.0857],[45.1555,41.0858],[45.1528,41.0864],[45.1519,41.0872],[45.1515,41.0887],[45.1499,41.0897],[45.1439,41.0902],[45.1411,41.0908],[45.1402,41.0916],[45.1395,41.0938],[45.1375,41.0945],[45.1368,41.0945],[45.1361,41.094],[45.1351,41.0916],[45.1345,41.0873],[45.1339,41.0738],[45.1334,41.0707],[45.1315,41.0659],[45.1284,41.0628],[45.1205,41.0597],[45.1174,41.0577],[45.115,41.0551],[45.1112,41.0482],[45.109,41.0463],[45.1069,41.0463],[45.1059,41.0473],[45.105,41.0519],[45.1051,41.055],[45.1059,41.0581],[45.1069,41.0591],[45.1099,41.0597],[45.1108,41.0608],[45.1107,41.0623],[45.109,41.0633],[45.1043,41.0637],[45.1004,41.0629],[45.0983,41.0617],[45.0959,41.0588],[45.0933,41.057],[45.0868,41.0553],[45.0806,41.0549],[45.0737,41.0551],[45.0687,41.0557],[45.0655,41.057],[45.0641,41.0588],[45.0647,41.0623],[45.0655,41.0633],[45.0681,41.0639],[45.0694,41.0651],[45.0705,41.0711],[45.0719,41.0724],[45.0739,41.0727],[45.0753,41.0746],[45.0759,41.0814],[45.0767,41.0845],[45.0777,41.0855],[45.0791,41.0857],[45.08,41.0863],[45.08,41.0888],[45.078,41.0947],[45.0784,41.0977],[45.0791,41.0991],[45.0816,41.1016],[45.0876,41.105],[45.0917,41.1083],[45.0931,41.1105],[45.0935,41.1136],[45.0944,41.1152],[45.0972,41.1164],[45.1023,41.1163],[45.1045,41.1155],[45.1053,41.1136],[45.1066,41.1128],[45.1108,41.1122],[45.1168,41.1122],[45.1198,41.1125],[45.1217,41.1132],[45.1225,41.1141],[45.1231,41.1158],[45.1239,41.1163],[45.1258,41.1165],[45.1278,41.1158],[45.1287,41.1136],[45.1305,41.1128],[45.136,41.1122],[45.1441,41.1123],[45.1486,41.113],[45.152,41.1142],[45.1533,41.115],[45.156,41.118],[45.1573,41.1189],[45.1607,41.1201],[45.1651,41.1208],[45.1754,41.1211],[45.1798,41.122],[45.1809,41.1229],[45.182,41.1249],[45.1846,41.127],[45.1966,41.1345],[45.1988,41.1365],[45.2021,41.1407],[45.2032,41.1431],[45.2043,41.1481],[45.204,41.1554],[45.2034,41.1584],[45.2024,41.1602],[45.1993,41.1609],[45.1987,41.1615],[45.1984,41.163],[45.1973,41.1639],[45.193,41.1647],[45.1853,41.1649],[45.1822,41.1654],[45.1754,41.1678],[45.168,41.1721],[45.1597,41.1784],[45.1477,41.1885],[45.1415,41.1928],[45.1368,41.1952],[45.1322,41.1959],[45.1302,41.1969],[45.1285,41.2],[45.1278,41.2068],[45.127,41.2082],[45.1258,41.2088],[45.1242,41.2086],[45.1218,41.2072],[45.1127,41.199],[45.1075,41.1954],[45.1012,41.1929],[45.0976,41.1921],[45.0897,41.1913],[45.0815,41.1913],[45.0733,41.192],[45.0705,41.1927],[45.0698,41.1942],[45.0689,41.1946],[45.0672,41.1944],[45.0634,41.1932],[45.0608,41.1929],[45.0596,41.1932],[45.0575,41.1946],[45.054,41.2001],[45.0512,41.202],[45.0493,41.2025],[45.0449,41.2028],[45.0368,41.2018],[45.0346,41.2019],[45.0313,41.2032],[45.0302,41.2044],[45.0291,41.2077],[45.0294,41.2119],[45.0307,41.2149],[45.0318,41.216],[45.0348,41.2174],[45.0425,41.2178],[45.045,41.2183],[45.0463,41.2191],[45.0469,41.221],[45.0475,41.2216],[45.0505,41.2224],[45.0515,41.2241],[45.0522,41.2272],[45.0525,41.2368],[45.0534,41.2419],[45.0544,41.2436],[45.0577,41.2447],[45.0583,41.2464],[45.0574,41.248],[45.0543,41.2486],[45.0528,41.2496],[45.0506,41.2527],[45.0483,41.2574],[45.0444,41.2617],[45.041,41.2642],[45.0348,41.2676],[45.0318,41.2702],[45.0294,41.2745],[45.0289,41.2792],[45.028,41.2818],[45.0253,41.2847],[45.0212,41.2866],[45.0192,41.288],[45.0176,41.2907],[45.0169,41.2946],[45.0147,41.2962],[45.0108,41.2966],[45.0065,41.2954],[45.0035,41.2936],[44.9977,41.2878],[44.9948,41.2855],[44.9919,41.2841],[44.9861,41.2833],[44.9837,41.2822],[44.9806,41.2792],[44.9784,41.2746],[44.9762,41.2715],[44.9747,41.2705],[44.9724,41.2701],[44.9705,41.2691],[44.9641,41.2629],[44.9607,41.2602],[44.9587,41.2592],[44.9541,41.2578],[44.9459,41.2571],[44.9379,41.2578],[44.936,41.2586],[44.9353,41.26],[44.9335,41.2604],[44.9302,41.2603],[44.9198,41.2589],[44.9149,41.2595],[44.9127,41.2603],[44.9088,41.263],[44.9019,41.272],[44.8998,41.2739],[44.8981,41.2747],[44.8957,41.2743],[44.8951,41.2737],[44.8948,41.2722],[44.8941,41.2718],[44.8875,41.2714],[44.8685,41.2728],[44.8634,41.2735],[44.8554,41.2752],[44.8525,41.2763],[44.8503,41.2776],[44.8488,41.279],[44.8481,41.2805],[44.8478,41.2848],[44.8467,41.2872],[44.8431,41.2885],[44.841,41.2899],[44.8342,41.2967],[44.8313,41.299],[44.8284,41.3004],[44.8255,41.301],[44.8216,41.3008],[44.82,41.3003],[44.8191,41.2996],[44.8189,41.2991]]}}]}